ElementID,Verdict,PropID,CentroidX,CentroidY,CentroidZ,MinEdge_mm,AspectRatio,MaxAngle_deg,Action
6630,COLLAPSED,2,-36868.381,-2584.133,8564.642,0.002,14643.258,274.452,auto_convert_TRIA3
8411,COLLAPSED,2,-40111.382,2112.217,9061.137,0,315157.798,294.125,auto_convert_TRIA3
9932,COLLAPSED,2,-46532.434,-2150.085,8592.794,0.018,3085.364,321.965,auto_convert_TRIA3
11556,COLLAPSED,2,-41704.541,-1853.255,9057.443,0.002,15995.118,294.666,auto_convert_TRIA3
11602,COLLAPSED,2,-40498.707,-524.363,9057.443,0,142617.496,292.572,auto_convert_TRIA3
11606,COLLAPSED,2,-42033.537,-143.318,8348.745,0.003,8920.312,315.05,auto_convert_TRIA3
11702,COLLAPSED,2,-40114.201,-198.472,8426.082,0.002,7015.098,359.285,auto_convert_TRIA3
11712,COLLAPSED,2,-44777.98,-64.454,8421.055,0.007,4636.273,288.808,auto_convert_TRIA3
11715,COLLAPSED,2,-44690.745,-66.96,8417.624,0,82284.225,292.748,auto_convert_TRIA3
11832,COLLAPSED,2,-44932.781,-60.005,8425.926,0.007,5593.166,304.085,auto_convert_TRIA3
11837,COLLAPSED,2,-44787.81,-64.171,8420.223,0.001,31001.936,301.265,auto_convert_TRIA3
11886,COLLAPSED,2,-45861.266,-33.324,8462.01,0.001,28788.558,292.128,auto_convert_TRIA3
12632,COLLAPSED,2,-47138.662,2406.172,8400.191,0.004,20542.69,359.998,auto_convert_TRIA3
12651,BOWTIE,2,-47026.825,293.643,8509.512,0.06,493.458,310.934,auto_reorder
12997,COLLAPSED,2,-46744.099,0.465,8512.008,0,110310.085,320.479,auto_convert_TRIA3
13974,COLLAPSED,2,-44618.038,2321.249,8862.159,0,415148.387,312.178,auto_convert_TRIA3
14171,COLLAPSED,2,-44672.681,411.746,8862.084,0,438375.016,312.812,auto_convert_TRIA3
14434,COLLAPSED,2,-45775.075,2657.31,8462.1,0.007,5593.527,304.09,auto_convert_TRIA3
14479,COLLAPSED,2,-45786.464,2657.638,8462.5,0.001,32086.467,304.188,auto_convert_TRIA3
14502,COLLAPSED,2,-46671.6,2683.073,8497.318,0.02,1897.255,306.853,auto_convert_TRIA3
14503,COLLAPSED,2,-42549.197,2594.12,8337.584,0.001,21559.448,315.094,auto_convert_TRIA3
14613,COLLAPSED,2,-44707.776,2626.64,8422.416,0.001,26688.772,315.905,auto_convert_TRIA3
14659,COLLAPSED,2,-45614.557,2652.698,8462.978,0.007,7525.978,322.007,auto_convert_TRIA3
15037,SLIVER,2,16088.643,0.037,20229.146,0.124,528.812,317.108,MANUAL_remesh
16214,BOWTIE,2,-5385.882,2810.662,13149.315,1.387,41.678,317.339,auto_reorder
16251,BOWTIE,2,-5385.882,-2810.588,13149.315,1.387,41.678,317.339,auto_reorder
17586,COLLAPSED,2,-5001.187,2191.277,22839.587,0.016,2842.757,317.228,auto_convert_TRIA3
18268,COLLAPSED,2,-4993.382,2182.378,22835.285,0.016,3512.813,316.971,auto_convert_TRIA3
20672,COLLAPSED,2,-4985.578,2191.277,22839.587,0.016,2842.757,317.228,auto_convert_TRIA3
22718,COLLAPSED,2,-4993.382,-2053.097,19723.692,0.023,2387.423,316.625,auto_convert_TRIA3
23611,COLLAPSED,2,-5000.572,-2229.368,10691.512,0,9990000000,290.565,auto_convert_TRIA3
23817,COLLAPSED,2,-4986.186,-2229.373,10691.507,0,9990000000,307.494,auto_convert_TRIA3
26118,COLLAPSED,2,-40111.382,-2110.922,9061.363,0,302392.908,291.057,auto_convert_TRIA3
26186,BOWTIE,2,-40111.382,-103.512,8937.458,1,44.377,327.255,auto_reorder
26196,COLLAPSED,2,-40111.382,-423.406,9061.159,0,319535.891,295.819,auto_convert_TRIA3
27975,BOWTIE,2,-42554.834,2274.847,8688.91,19.784,2.081,324.53,auto_reorder
29369,SLIVER,2,-47036.523,303.882,8493.39,0.06,913.063,316.353,MANUAL_remesh
30603,COLLAPSED_TO_LINE,2,-44938.247,-59.848,8425.702,0.001,36193.012,272.252,MANUAL_delete
30604,COLLAPSED_TO_LINE,2,-44938.249,-59.848,8395.178,0.001,36193.012,272.252,MANUAL_delete
33007,COLLAPSED,2,-4993.382,-2174.058,26158.04,0.004,14947.126,315.66,auto_convert_TRIA3
35714,COLLAPSED,3,-23888.382,2490.672,8918.899,0.02,2768.188,317.336,auto_convert_TRIA3
35804,COLLAPSED,3,-20643.382,2490.672,8918.899,0.02,2768.188,317.336,auto_convert_TRIA3
35893,COLLAPSED,3,-17398.382,2490.672,8918.899,0.02,2768.188,317.336,auto_convert_TRIA3
36260,COLLAPSED,3,-14144.8,2154.273,9074.177,0.003,17573.857,319.575,auto_convert_TRIA3
36885,COLLAPSED,3,-17389.8,2154.273,9074.177,0.003,17573.857,319.575,auto_convert_TRIA3
36956,COLLAPSED,3,-20634.8,2154.273,9074.177,0.003,17573.857,319.575,auto_convert_TRIA3
37027,COLLAPSED,3,-23879.8,2154.273,9074.177,0.003,17573.857,319.575,auto_convert_TRIA3
37126,COLLAPSED,3,-14144.8,-2154.198,9074.177,0.003,17573.857,319.575,auto_convert_TRIA3
37151,COLLAPSED,3,-14168.969,-2177.756,9074.177,0.003,13689.872,327.163,auto_convert_TRIA3
37327,COLLAPSED,3,-23879.8,-2154.198,9074.177,0.003,17573.857,319.575,auto_convert_TRIA3
37352,COLLAPSED,3,-23903.969,-2177.756,9074.177,0.003,13689.872,327.163,auto_convert_TRIA3
37440,COLLAPSED,3,-14153.382,-2490.598,8918.899,0.02,2768.188,317.336,auto_convert_TRIA3
37529,COLLAPSED,3,-17398.382,-2490.598,8918.899,0.02,2768.188,317.336,auto_convert_TRIA3
37638,COLLAPSED,3,-20634.8,-2154.198,9074.177,0.003,17573.857,319.575,auto_convert_TRIA3
37663,COLLAPSED,3,-20658.969,-2177.756,9074.177,0.003,13689.872,327.163,auto_convert_TRIA3
37929,COLLAPSED,3,-20643.382,-2490.598,8918.899,0.02,2768.188,317.336,auto_convert_TRIA3
38313,COLLAPSED,3,-10923.911,-2177.938,9074.177,0.003,13657.579,326.999,auto_convert_TRIA3
38337,COLLAPSED,3,-10892.854,-2177.938,9074.177,0.003,13657.579,326.999,auto_convert_TRIA3
38452,COLLAPSED,3,-23888.382,-2490.598,8918.899,0.02,2768.188,317.336,auto_convert_TRIA3
38499,COLLAPSED,3,-17389.8,-2154.198,9074.177,0.003,17573.857,319.575,auto_convert_TRIA3
38524,COLLAPSED,3,-17413.969,-2177.756,9074.177,0.003,13689.872,327.163,auto_convert_TRIA3
42125,BOWTIE,3,-14422.31,207.223,9065.089,2,28.564,320.484,auto_reorder
42158,BOWTIE,3,-17667.31,207.223,9065.089,2,28.564,320.484,auto_reorder
42191,BOWTIE,3,-20912.31,207.223,9065.089,2,28.564,320.484,auto_reorder
42276,BOWTIE,3,-14422.31,-207.149,9065.089,2,28.564,320.484,auto_reorder
42307,BOWTIE,3,-17667.31,-207.149,9065.089,2,28.564,320.484,auto_reorder
42338,BOWTIE,3,-20912.31,-207.149,9065.089,2,28.564,320.484,auto_reorder
42461,COLLAPSED,3,-30369.8,-2154.198,9074.177,0.003,17573.857,319.575,auto_convert_TRIA3
42486,COLLAPSED,3,-30393.969,-2177.756,9074.177,0.003,13689.872,327.163,auto_convert_TRIA3
42891,COLLAPSED,3,-36859.8,-2154.198,9074.177,0.003,17573.857,319.575,auto_convert_TRIA3
42916,COLLAPSED,3,-36883.969,-2177.756,9074.177,0.003,13689.872,327.163,auto_convert_TRIA3
42924,BOWTIE,3,-33892.31,-207.149,9065.089,2,28.564,320.484,auto_reorder
42972,BOWTIE,3,-33892.31,207.223,9065.089,2,28.564,320.484,auto_reorder
43101,COLLAPSED,3,-36859.8,2154.273,9074.177,0.003,17573.857,319.575,auto_convert_TRIA3
43587,COLLAPSED,3,-27401.914,-206.844,9065.089,0,9990000000,320.484,auto_convert_TRIA3
43617,BOWTIE,3,-27402.31,207.223,9065.089,2,28.564,320.484,auto_reorder
43651,BOWTIE,3,-30647.31,-207.149,9065.089,2,28.564,320.484,auto_reorder
43701,BOWTIE,3,-30647.31,207.223,9065.089,2,28.564,320.484,auto_reorder
43862,COLLAPSED,3,-33614.8,2154.273,9074.177,0.003,17573.857,319.575,auto_convert_TRIA3
43933,COLLAPSED,3,-33614.8,-2154.198,9074.177,0.003,17573.857,319.575,auto_convert_TRIA3
43958,COLLAPSED,3,-33638.969,-2177.756,9074.177,0.003,13689.872,327.163,auto_convert_TRIA3
44004,COLLAPSED,3,-30369.8,2154.273,9074.177,0.003,17573.857,319.575,auto_convert_TRIA3
44075,COLLAPSED,3,-27124.8,-2154.198,9074.177,0.003,17573.857,319.575,auto_convert_TRIA3
44100,COLLAPSED,3,-27148.969,-2177.756,9074.177,0.003,13689.872,327.163,auto_convert_TRIA3
44146,COLLAPSED,3,-27124.8,2154.273,9074.177,0.003,17573.857,319.575,auto_convert_TRIA3
47665,BOWTIE,3,-26804.194,2324.288,8059.177,3.542,10.586,310.5,auto_reorder
47795,BOWTIE,3,-26804.214,-2324.23,8059.177,3.552,10.557,310.3,auto_reorder
47902,COLLAPSED,3,-30378.382,-2490.598,8918.899,0.02,2768.188,317.336,auto_convert_TRIA3
48253,COLLAPSED,3,-33623.382,-2490.598,8918.899,0.02,2768.188,317.336,auto_convert_TRIA3
48334,COLLAPSED,3,-36868.382,-2490.598,8918.972,0.02,2757.499,317.131,auto_convert_TRIA3
48338,COLLAPSED,3,-36868.382,-2490.606,8068.86,0,124548.69,315.921,auto_convert_TRIA3
48494,COLLAPSED,3,-27133.382,-2489.514,8918.968,0.02,2909.704,315.989,auto_convert_TRIA3
48581,COLLAPSED,3,-36868.382,2490.672,8918.899,0.02,2768.188,317.336,auto_convert_TRIA3
48585,COLLAPSED,3,-36868.382,2490.681,8068.86,0,124548.69,315.921,auto_convert_TRIA3
48953,COLLAPSED,3,-33623.382,2490.672,8918.899,0.02,2768.188,317.336,auto_convert_TRIA3
49042,COLLAPSED,3,-30378.382,2490.672,8918.899,0.02,2768.188,317.336,auto_convert_TRIA3
49131,COLLAPSED,3,-27133.382,2490.672,8918.899,0.02,2768.188,317.336,auto_convert_TRIA3
49238,COLLAPSED,3,-36868.382,2509.426,9065.108,0.02,2607.924,315.947,auto_convert_TRIA3
49347,COLLAPSED,3,-33623.382,2509.426,9065.108,0.02,2607.924,315.947,auto_convert_TRIA3
49456,COLLAPSED,3,-27133.382,2509.426,9065.108,0.02,2607.924,315.947,auto_convert_TRIA3
49565,COLLAPSED,3,-30378.382,2509.431,9065.108,0,120521.228,315.947,auto_convert_TRIA3
49596,COLLAPSED,3,-36868.382,-2509.356,9065.108,0,120521.228,315.947,auto_convert_TRIA3
49825,COLLAPSED,3,-30378.382,-2509.351,9065.108,0.02,2607.924,315.947,auto_convert_TRIA3
49870,COLLAPSED,3,-27133.382,-2509.351,9065.108,0.02,2607.924,315.947,auto_convert_TRIA3
50099,COLLAPSED,3,-33623.382,-2509.356,9065.108,0,120521.228,315.947,auto_convert_TRIA3
50358,COLLAPSED,3,-39226.326,-2509.358,9064.386,0.018,3041.498,316.229,auto_convert_TRIA3
52534,COLLAPSED,3,-45851.722,182.074,8072.461,0.001,55189.968,315.928,auto_convert_TRIA3
52600,COLLAPSED,3,-45695.787,177.593,8051.35,0.001,54580.241,316.593,auto_convert_TRIA3
53262,COLLAPSED,3,-44040.611,-50.254,9066.677,0.001,45651.946,321.341,auto_convert_TRIA3
54204,COLLAPSED,3,-42036.382,-1855.206,7645.235,0.005,5457.952,308.542,auto_convert_TRIA3
54211,COLLAPSED_TO_LINE,3,-42036.382,-1877.558,7634.177,0.005,8617.82,355.717,MANUAL_delete
54212,COLLAPSED_TO_LINE,3,-42036.382,-1917.715,7634.177,0.004,9229.05,355.433,MANUAL_delete
54213,COLLAPSED_TO_LINE,3,-42036.382,-1957.871,7634.177,0.004,9933.209,355.108,MANUAL_delete
54214,COLLAPSED_TO_LINE,3,-42036.382,-1998.028,7634.177,0.004,10753.116,354.734,MANUAL_delete
54215,COLLAPSED_TO_LINE,3,-42036.382,-2038.184,7634.177,0.003,11719.68,354.298,MANUAL_delete
54216,COLLAPSED_TO_LINE,3,-42036.382,-2078.34,7634.177,0.003,12875.804,353.783,MANUAL_delete
54217,COLLAPSED_TO_LINE,3,-42036.382,-2118.497,7634.177,0.003,14282.758,353.167,MANUAL_delete
54218,COLLAPSED_TO_LINE,3,-42036.382,-2158.653,7634.177,0.003,16031.062,352.416,MANUAL_delete
54219,COLLAPSED_TO_LINE,3,-42036.382,-2198.81,7634.177,0.002,18259.99,351.482,MANUAL_delete
54220,COLLAPSED_TO_LINE,3,-42036.382,-2238.966,7634.177,0.002,21194.66,350.286,MANUAL_delete
54221,COLLAPSED_TO_LINE,3,-42036.382,-2279.122,7634.177,0.002,25221.668,348.706,MANUAL_delete
54222,COLLAPSED_TO_LINE,3,-42036.382,-2319.279,7634.177,0.001,31056.259,346.523,MANUAL_delete
54223,COLLAPSED_TO_LINE,3,-42036.382,-2359.435,7634.177,0.001,40142.767,343.324,MANUAL_delete
54225,COLLAPSED_TO_LINE,3,-42036.382,-2399.592,7634.177,0.001,55620.979,338.228,MANUAL_delete
54228,COLLAPSED_TO_LINE,3,-42036.382,-2439.748,7634.177,0,83090.257,329.073,MANUAL_delete
54231,COLLAPSED_TO_LINE,3,-42036.382,-2479.904,7634.177,0,108224.263,309.847,MANUAL_delete
55862,COLLAPSED,3,-42036.382,-257.97,7644.292,0,508755.662,309.329,auto_convert_TRIA3
56028,BOWTIE,3,-42036.382,-1897.486,9064.674,4.11,10.868,301.687,auto_reorder
56099,COLLAPSED,3,-42036.382,-274.055,9063.004,0,115047.012,312.459,auto_convert_TRIA3
56916,COLLAPSED_TO_LINE,3,-41779.446,-1935.804,8946.164,0.001,50246.944,270,MANUAL_delete
56917,COLLAPSED_TO_LINE,3,-41779.446,-1935.804,8982.739,0.001,50246.944,270,MANUAL_delete
56918,COLLAPSED_TO_LINE,3,-41779.446,-1935.804,9019.314,0.001,50246.944,270,MANUAL_delete
56919,COLLAPSED_TO_LINE,3,-41779.446,-1935.804,9055.889,0.001,50246.944,270,MANUAL_delete
57445,BOWTIE,3,-46520.029,-2088.903,10064.51,3,21.357,325.814,auto_reorder
57981,BOWTIE,3,-42036.382,2650.032,8744.131,1.001,36.474,359.962,auto_reorder
58494,COLLAPSED,3,-39226.326,2509.432,9064.386,0.018,3041.498,316.229,auto_convert_TRIA3
58814,COLLAPSED,3,-42546.382,2640.665,9064.177,0.04,1371.245,316.825,auto_convert_TRIA3
59362,BOWTIE,3,-42546.382,222.13,8384.803,0.668,59.596,356.702,auto_reorder
60334,BOWTIE,3,-42546.382,2246.525,8388.235,7.523,3.956,355.355,auto_reorder
60381,BOWTIE,3,-42546.382,222.455,8719.329,0.668,59.596,349.407,auto_reorder
61033,BOWTIE,3,-45782.681,2583.637,8062.625,2.872,14.085,359.848,auto_reorder
61185,COLLAPSED,3,-47683.286,110.271,8511.177,0,9990000000,315.15,auto_convert_TRIA3
63610,COLLAPSED,3,-39713.006,2106.138,7826.186,0.003,13064.93,333.786,auto_convert_TRIA3
63705,COLLAPSED,3,-39713.006,-2106.063,7826.186,0.003,13064.93,333.786,auto_convert_TRIA3
63721,COLLAPSED,3,-39698.536,-2122.528,7827.382,0.003,12850.12,331.228,auto_convert_TRIA3
63832,COLLAPSED,3,-36869.855,-2270.432,8058.872,0.005,9053.638,329.365,auto_convert_TRIA3
63836,COLLAPSED,3,-36873.813,-2243.556,8058.553,0.005,8777.198,318.919,auto_convert_TRIA3
63952,COLLAPSED,3,-36869.97,2270.359,8058.863,0.005,9053.637,329.188,auto_convert_TRIA3
63954,COLLAPSED,3,-36873.813,2243.631,8058.553,0.005,8777.197,318.919,auto_convert_TRIA3
65739,COLLAPSED,3,-42668.204,-2496.647,7660.229,0.003,10126.672,299.626,auto_convert_TRIA3
66608,BOWTIE,3,-46416.301,-2376.239,8168.642,2.031,19.662,315.603,auto_reorder
66772,COLLAPSED,3,-37138.711,-209.814,9074.177,0,90358.986,359.999,auto_convert_TRIA3
66774,BOWTIE,3,-37082.034,-166.149,9074.177,29.526,1.419,359.999,auto_reorder
66775,BOWTIE,3,-37049.942,-141.425,9074.177,26.73,1.568,359.999,auto_reorder
66778,BOWTIE,3,-36953.664,-67.251,9074.177,18.342,2.285,359.999,auto_reorder
66780,COLLAPSED,3,-36885.691,-14.883,9074.177,0,111544.935,359.997,auto_convert_TRIA3
66781,COLLAPSED,3,-37138.711,209.888,9074.177,0,90358.986,359.999,auto_convert_TRIA3
66783,BOWTIE,3,-37082.034,166.224,9074.177,29.526,1.419,359.999,auto_reorder
66784,BOWTIE,3,-37049.942,141.499,9074.177,26.73,1.568,359.999,auto_reorder
66787,BOWTIE,3,-36953.664,67.325,9074.177,18.342,2.285,359.999,auto_reorder
66789,COLLAPSED,3,-36885.691,13.372,9074.177,0,116161.49,357.136,auto_convert_TRIA3
67278,COLLAPSED,3,-42546.382,-288.036,7641.623,0,435977.322,303.64,auto_convert_TRIA3
67583,BOWTIE,3,-42546.382,-1958.353,7634.177,0.775,52.339,359.982,auto_reorder
67584,BOWTIE,3,-42546.382,-1998.583,7634.177,1.07,37.522,359.982,auto_reorder
67585,BOWTIE,3,-42546.382,-2038.695,7634.177,0.981,40.933,359.98,auto_reorder
67586,BOWTIE,3,-42546.382,-2078.807,7634.177,0.892,45.026,359.978,auto_reorder
67587,BOWTIE,3,-42546.382,-2118.919,7634.177,0.803,50.029,359.976,auto_reorder
67588,BOWTIE,3,-42546.382,-2159.031,7634.177,0.713,56.283,359.974,auto_reorder
67589,BOWTIE,3,-42546.382,-1918.004,7634.177,0.39,104.014,359.973,auto_reorder
67590,BOWTIE,3,-42546.382,-2199.143,7634.177,0.624,64.323,359.97,auto_reorder
67591,BOWTIE,3,-42546.382,-2239.255,7634.177,0.535,75.044,359.966,auto_reorder
67592,BOWTIE,3,-42546.382,-2279.367,7634.177,0.446,90.053,359.96,auto_reorder
67593,BOWTIE,3,-42546.382,-2319.479,7634.177,0.357,112.566,359.952,auto_reorder
67594,COLLAPSED,3,-42546.382,-1877.655,7634.177,0.005,8159.762,359.945,auto_convert_TRIA3
67595,BOWTIE,3,-42546.382,-2359.591,7634.177,0.268,150.088,359.94,auto_reorder
67596,BOWTIE,3,-42546.382,-2399.703,7634.177,0.178,225.131,359.921,auto_reorder
67597,BOWTIE,3,-42546.382,-2439.815,7634.177,0.089,450.259,359.881,auto_reorder
67598,COLLAPSED,3,-42546.382,-2479.927,7634.177,0,108224.263,359.762,auto_convert_TRIA3
67599,COLLAPSED,3,-42546.382,-1855.208,7644.618,0.005,4994.444,303.778,auto_convert_TRIA3
68332,COLLAPSED,3,-42546.382,-243.995,9067.386,0,88137.989,305.383,auto_convert_TRIA3
70383,COLLAPSED,3,-46682.865,2589.111,8502.838,0.003,16183.041,344.854,auto_convert_TRIA3
70697,BOWTIE,3,16089.311,10.502,20217.118,0.124,493.343,316.849,auto_reorder
70705,BOWTIE,3,16089.311,-10.427,20217.118,0.124,493.343,316.849,auto_reorder
72079,BOWTIE,3,9298.817,-9.518,19857.678,0.124,473.786,319.435,auto_reorder
72121,BOWTIE,3,9298.817,9.593,19857.678,0.124,473.786,319.435,auto_reorder
74181,COLLAPSED,3,-14156.194,2495.393,8929.077,0.033,537.88,346.881,auto_convert_TRIA3
74261,COLLAPSED,3,-17408.394,2490.672,8929.077,0.033,1673.997,316.847,auto_convert_TRIA3
74308,COLLAPSED,3,-20653.394,2490.672,8929.077,0.033,1673.997,316.847,auto_convert_TRIA3
74355,COLLAPSED,3,-23898.394,2490.672,8929.077,0.033,1673.997,316.847,auto_convert_TRIA3
74483,COLLAPSED,3,-17408.394,-2490.598,8929.077,0.033,1673.997,316.847,auto_convert_TRIA3
74575,COLLAPSED,3,-14163.394,-2490.598,8929.077,0.033,1673.997,316.847,auto_convert_TRIA3
74668,COLLAPSED,3,-23898.394,-2490.598,8929.077,0.033,1673.997,316.847,auto_convert_TRIA3
74722,COLLAPSED,3,-20653.394,-2490.598,8929.077,0.033,1673.997,316.847,auto_convert_TRIA3
75594,COLLAPSED,3,-11193.456,-207.517,8928.777,0.01,3830.225,357.007,auto_convert_TRIA3
75608,COLLAPSED,3,-11193.456,207.592,8928.777,0.01,3830.225,357.007,auto_convert_TRIA3
76065,COLLAPSED,3,-14438.456,-207.517,8928.777,0.01,3830.225,357.007,auto_convert_TRIA3
76079,COLLAPSED,3,-14438.456,207.592,8928.777,0.01,3830.225,357.007,auto_convert_TRIA3
76122,COLLAPSED,3,-17683.456,207.592,8928.777,0.01,3830.225,357.007,auto_convert_TRIA3
76140,COLLAPSED,3,-17683.456,-207.517,8928.777,0.01,3830.225,357.007,auto_convert_TRIA3
76190,COLLAPSED,3,-20928.456,-207.517,8928.777,0.01,3830.225,357.007,auto_convert_TRIA3
76204,COLLAPSED,3,-20928.456,207.592,8928.777,0.01,3830.225,357.007,auto_convert_TRIA3
76312,COLLAPSED,3,-33908.456,-207.517,8928.777,0.01,3830.225,357.007,auto_convert_TRIA3
76493,COLLAPSED,3,-27418.456,207.592,8928.777,0.01,3830.225,357.007,auto_convert_TRIA3
76511,COLLAPSED,3,-27418.456,-207.517,8928.777,0.01,3830.225,357.007,auto_convert_TRIA3
77049,COLLAPSED_TO_LINE,3,-23888.395,2500.057,8947.214,0.026,1397.342,270,MANUAL_delete
77050,COLLAPSED_TO_LINE,3,-23888.395,2500.057,8983.489,0.026,1397.342,270,MANUAL_delete
77051,COLLAPSED_TO_LINE,3,-23888.395,2500.057,9019.764,0.026,1397.342,270,MANUAL_delete
77052,COLLAPSED_TO_LINE,3,-23888.395,2500.057,9056.039,0.026,1397.342,270,MANUAL_delete
77053,COLLAPSED_TO_LINE,3,-20643.395,2500.057,8947.214,0.026,1397.342,270,MANUAL_delete
77054,COLLAPSED_TO_LINE,3,-20643.395,2500.057,8983.489,0.026,1397.342,270,MANUAL_delete
77055,COLLAPSED_TO_LINE,3,-20643.395,2500.057,9019.764,0.026,1397.342,270,MANUAL_delete
77056,COLLAPSED_TO_LINE,3,-20643.395,2500.057,9056.039,0.026,1397.342,270,MANUAL_delete
77057,COLLAPSED_TO_LINE,3,-14153.389,2500.052,8947.214,0.02,1813.751,270.041,MANUAL_delete
77058,COLLAPSED_TO_LINE,3,-14153.395,2500.057,8983.489,0.026,1397.342,270,MANUAL_delete
77059,COLLAPSED_TO_LINE,3,-14153.395,2500.057,9019.764,0.026,1397.342,270,MANUAL_delete
77060,COLLAPSED_TO_LINE,3,-14153.395,2500.057,9056.039,0.026,1397.342,270,MANUAL_delete
77061,COLLAPSED_TO_LINE,3,-17398.389,2500.052,8947.214,0.02,1813.751,270.041,MANUAL_delete
77062,COLLAPSED_TO_LINE,3,-17398.395,2500.057,8983.489,0.026,1397.342,270,MANUAL_delete
77063,COLLAPSED_TO_LINE,3,-17398.395,2500.057,9019.764,0.026,1397.342,270,MANUAL_delete
77064,COLLAPSED_TO_LINE,3,-17398.395,2500.057,9056.039,0.026,1397.342,270,MANUAL_delete
79781,COLLAPSED,3,-14163.388,2498.797,8919.191,0.02,2824.157,315.12,auto_convert_TRIA3
82603,COLLAPSED,3,-20653.394,2500.057,8918.899,0.026,2199.081,315.49,auto_convert_TRIA3
83392,COLLAPSED,3,-23898.394,2500.057,8918.899,0.026,2199.081,315.49,auto_convert_TRIA3
85580,COLLAPSED,3,-17408.388,2500.052,8918.899,0.02,2854.407,315.49,auto_convert_TRIA3
85826,COLLAPSED,3,-24706.472,2500.057,8071.052,0.001,71463.101,320.152,auto_convert_TRIA3
86897,COLLAPSED_TO_LINE,3,-14153.395,-2499.983,9056.039,0.026,1397.342,270,MANUAL_delete
86898,COLLAPSED_TO_LINE,3,-14153.395,-2499.983,9019.764,0.026,1397.342,270,MANUAL_delete
86899,COLLAPSED_TO_LINE,3,-14153.395,-2499.983,8983.489,0.026,1397.342,270,MANUAL_delete
86900,COLLAPSED_TO_LINE,3,-14153.389,-2499.978,8947.214,0.02,1813.751,270.041,MANUAL_delete
86901,COLLAPSED_TO_LINE,3,-23888.395,-2499.983,9056.039,0.026,1397.342,270,MANUAL_delete
86902,COLLAPSED_TO_LINE,3,-23888.395,-2499.983,9019.764,0.026,1397.342,270,MANUAL_delete
86903,COLLAPSED_TO_LINE,3,-23888.395,-2499.983,8983.489,0.026,1397.342,270,MANUAL_delete
86904,COLLAPSED_TO_LINE,3,-23888.395,-2499.983,8947.214,0.026,1397.342,270,MANUAL_delete
86905,COLLAPSED_TO_LINE,3,-20643.395,-2499.983,9056.039,0.026,1397.342,270,MANUAL_delete
86906,COLLAPSED_TO_LINE,3,-20643.395,-2499.983,9019.764,0.026,1397.342,270,MANUAL_delete
86907,COLLAPSED_TO_LINE,3,-20643.395,-2499.983,8983.489,0.026,1397.342,270,MANUAL_delete
86908,COLLAPSED_TO_LINE,3,-20643.395,-2499.983,8947.214,0.026,1397.342,270,MANUAL_delete
86909,COLLAPSED_TO_LINE,3,-17398.395,-2499.983,9056.039,0.026,1397.342,270,MANUAL_delete
86910,COLLAPSED_TO_LINE,3,-17398.395,-2499.983,9019.764,0.026,1397.342,270,MANUAL_delete
86911,COLLAPSED_TO_LINE,3,-17398.395,-2499.983,8983.489,0.026,1397.342,270,MANUAL_delete
86912,COLLAPSED_TO_LINE,3,-17398.395,-2499.983,8947.214,0.026,1397.342,270,MANUAL_delete
90774,COLLAPSED,3,-23898.394,-2499.983,8918.899,0.026,2199.081,315.49,auto_convert_TRIA3
91817,COLLAPSED,3,-20653.394,-2499.983,8918.899,0.026,2199.081,315.49,auto_convert_TRIA3
92749,BOWTIE,3,-17114.015,-2499.983,8933.966,6.531,5.741,305.317,auto_reorder
92873,COLLAPSED,3,-14163.388,-2499.978,8918.899,0.02,2854.407,315.49,auto_convert_TRIA3
93120,COLLAPSED,3,-24706.472,-2499.983,8071.052,0.001,71463.104,320.152,auto_convert_TRIA3
94210,COLLAPSED,3,-17408.394,-2499.983,8918.899,0.026,2199.081,315.49,auto_convert_TRIA3
94353,COLLAPSED_TO_LINE,3,-30378.382,-2481.23,8059.177,0,86641.528,270,MANUAL_delete
94354,COLLAPSED_TO_LINE,3,-30378.382,-2443.725,8059.177,0,86641.528,270,MANUAL_delete
94355,COLLAPSED_TO_LINE,3,-30378.382,-2406.22,8059.177,0,86641.528,270,MANUAL_delete
94356,COLLAPSED_TO_LINE,3,-30378.382,-2368.715,8059.177,0,86641.528,270,MANUAL_delete
94408,COLLAPSED,3,-30388.394,-2490.598,8929.077,0.033,1673.996,316.847,auto_convert_TRIA3
94427,COLLAPSED,3,-33633.382,-2490.598,8929.077,0.02,2742.148,316.832,auto_convert_TRIA3
94472,COLLAPSED,3,-36878.382,-2490.598,8929.077,0.02,2742.148,316.832,auto_convert_TRIA3
94509,COLLAPSED_TO_LINE,3,-33623.382,-2481.23,8059.177,0,86641.528,270,MANUAL_delete
94510,COLLAPSED_TO_LINE,3,-33623.382,-2443.725,8059.177,0,86641.528,270,MANUAL_delete
94511,COLLAPSED_TO_LINE,3,-33623.382,-2406.22,8059.177,0,86641.528,270,MANUAL_delete
94512,COLLAPSED_TO_LINE,3,-33623.382,-2368.715,8059.177,0,86641.528,270,MANUAL_delete
94529,COLLAPSED,3,-27143.382,-2489.514,8929.077,0.02,2894.694,316.297,auto_convert_TRIA3
94562,COLLAPSED_TO_LINE,3,-27133.382,-2481.23,8059.177,0,86641.528,270,MANUAL_delete
94563,COLLAPSED_TO_LINE,3,-27133.382,-2443.725,8059.177,0,86641.528,270,MANUAL_delete
94564,COLLAPSED_TO_LINE,3,-27133.382,-2406.22,8059.177,0,86641.528,270,MANUAL_delete
94565,COLLAPSED_TO_LINE,3,-27133.382,-2368.715,8059.177,0,86641.528,270,MANUAL_delete
94586,COLLAPSED,3,-36878.382,2490.672,8929.077,0.02,2742.148,316.832,auto_convert_TRIA3
94632,COLLAPSED,3,-33633.382,2490.672,8929.077,0.02,2742.148,316.832,auto_convert_TRIA3
94678,COLLAPSED,3,-30388.382,2490.672,8929.077,0.02,2742.148,316.832,auto_convert_TRIA3
94724,COLLAPSED,3,-27143.382,2490.672,8929.077,0.02,2742.148,316.832,auto_convert_TRIA3
94766,COLLAPSED_TO_LINE,3,-33623.382,2368.79,8059.177,0,86641.522,270,MANUAL_delete
94767,COLLAPSED_TO_LINE,3,-33623.382,2406.295,8059.177,0,86641.522,270,MANUAL_delete
94768,COLLAPSED_TO_LINE,3,-33623.382,2443.8,8059.177,0,86641.522,270,MANUAL_delete
94769,COLLAPSED_TO_LINE,3,-33623.382,2481.305,8059.177,0,86641.522,270,MANUAL_delete
94770,COLLAPSED_TO_LINE,3,-30378.382,2368.79,8059.177,0,86641.522,270,MANUAL_delete
94771,COLLAPSED_TO_LINE,3,-30378.382,2406.295,8059.177,0,86641.522,270,MANUAL_delete
94772,COLLAPSED_TO_LINE,3,-30378.382,2443.8,8059.177,0,86641.522,270,MANUAL_delete
94773,COLLAPSED_TO_LINE,3,-30378.382,2481.305,8059.177,0,86641.522,270,MANUAL_delete
94774,COLLAPSED_TO_LINE,3,-27133.382,2368.79,8059.177,0,86641.522,270,MANUAL_delete
94775,COLLAPSED_TO_LINE,3,-27133.382,2406.295,8059.177,0,86641.522,270,MANUAL_delete
94776,COLLAPSED_TO_LINE,3,-27133.382,2443.8,8059.177,0,86641.522,270,MANUAL_delete
94777,COLLAPSED_TO_LINE,3,-27133.382,2481.305,8059.177,0,86641.522,270,MANUAL_delete
100708,COLLAPSED,3,-25291.132,-2499.983,9070.466,0,127057.283,334.416,auto_convert_TRIA3
100715,COLLAPSED_TO_LINE,3,-25211.918,-2499.983,9074.177,0,91580.249,270,MANUAL_delete
100716,COLLAPSED_TO_LINE,3,-25251.561,-2499.983,9074.177,0,91580.249,270,MANUAL_delete
100717,COLLAPSED_TO_LINE,3,-25132.632,-2499.983,9074.177,0,91580.249,270,MANUAL_delete
100718,COLLAPSED_TO_LINE,3,-25172.275,-2499.983,9074.177,0,91580.249,270,MANUAL_delete
100719,COLLAPSED_TO_LINE,3,-25053.347,-2499.983,9074.177,0,91580.249,270,MANUAL_delete
100720,COLLAPSED_TO_LINE,3,-25092.99,-2499.983,9074.177,0,91580.249,270,MANUAL_delete
100721,COLLAPSED_TO_LINE,3,-25013.704,-2499.983,9074.177,0,91580.249,270,MANUAL_delete
100722,COLLAPSED_TO_LINE,3,-24974.061,-2499.983,9074.177,0,91580.249,270,MANUAL_delete
100723,COLLAPSED_TO_LINE,3,-24934.418,-2499.983,9074.177,0,91580.249,270,MANUAL_delete
100724,COLLAPSED_TO_LINE,3,-24894.775,-2499.983,9074.177,0,91580.249,270,MANUAL_delete
100725,COLLAPSED_TO_LINE,3,-24815.49,-2499.983,9074.177,0,91580.249,270,MANUAL_delete
100726,COLLAPSED_TO_LINE,3,-24855.132,-2499.983,9074.177,0,91580.249,270,MANUAL_delete
100727,COLLAPSED_TO_LINE,3,-24775.847,-2499.983,9074.177,0,91580.249,270,MANUAL_delete
100728,COLLAPSED_TO_LINE,3,-24736.204,-2499.983,9074.177,0,91580.249,270,MANUAL_delete
101490,BOWTIE,3,-36878.543,-2499.983,8553.886,2.621,21.672,314.311,auto_reorder
101922,COLLAPSED,3,-38040.321,-2499.983,9070.25,0,115506.621,336.284,auto_convert_TRIA3
101925,COLLAPSED,3,-38615.236,-2499.983,9055.427,0.001,50709.298,320.006,auto_convert_TRIA3
101928,COLLAPSED_TO_LINE,3,-38608.347,-2499.983,9074.177,0,92735.319,359.999,MANUAL_delete
101930,COLLAPSED_TO_LINE,3,-38558.168,-2499.983,9074.177,0.001,45868.026,332.286,MANUAL_delete
101931,COLLAPSED_TO_LINE,3,-38518.025,-2499.983,9074.177,0.001,48913.481,330.356,MANUAL_delete
101932,COLLAPSED_TO_LINE,3,-38477.882,-2499.983,9074.177,0.001,52298.781,328.167,MANUAL_delete
101933,COLLAPSED_TO_LINE,3,-38437.739,-2499.983,9074.177,0.001,56056.354,325.67,MANUAL_delete
101934,COLLAPSED_TO_LINE,3,-38397.597,-2499.983,9074.177,0.001,60209.181,322.809,MANUAL_delete
101935,COLLAPSED_TO_LINE,3,-38357.454,-2499.983,9074.177,0.001,64758.93,319.514,MANUAL_delete
101936,COLLAPSED_TO_LINE,3,-38317.311,-2499.983,9074.177,0.001,69666.668,315.708,MANUAL_delete
101937,COLLAPSED_TO_LINE,3,-38277.168,-2499.983,9074.177,0.001,74824.402,311.302,MANUAL_delete
101938,COLLAPSED_TO_LINE,3,-38237.025,-2499.983,9074.177,0.001,80019.545,306.21,MANUAL_delete
101939,COLLAPSED_TO_LINE,3,-38196.882,-2499.983,9074.177,0,84904.225,300.358,MANUAL_delete
101940,COLLAPSED_TO_LINE,3,-38156.74,-2499.983,9074.177,0,88997.299,293.715,MANUAL_delete
101941,COLLAPSED_TO_LINE,3,-38116.597,-2499.983,9074.177,0,91756.822,286.323,MANUAL_delete
101942,COLLAPSED_TO_LINE,3,-38076.454,-2499.983,9074.177,0,92735.319,278.331,MANUAL_delete
104028,COLLAPSED,3,-30368.367,-2499.978,9065.108,0.02,2701.611,317.84,auto_convert_TRIA3
104045,BOWTIE,3,-27143.398,-2499.983,8574.035,2.5,23.485,316.982,auto_reorder
104091,COLLAPSED,3,-27143.398,-2499.983,9065.108,0,124850.839,317.84,auto_convert_TRIA3
105150,COLLAPSED,3,-33603.339,-2499.983,9070.611,0,98352.088,289.783,auto_convert_TRIA3
105168,COLLAPSED,3,-30388.394,-2499.983,8918.899,0.026,2199.081,315.49,auto_convert_TRIA3
105214,COLLAPSED_TO_LINE,3,-30388.404,-2499.978,9074.177,0.02,2002.617,359.999,MANUAL_delete
105216,COLLAPSED_TO_LINE,3,-30378.395,-2499.978,9056.039,0.026,1397.342,270.019,MANUAL_delete
105217,COLLAPSED_TO_LINE,3,-30378.395,-2499.983,9019.764,0.026,1397.342,270,MANUAL_delete
105218,COLLAPSED_TO_LINE,3,-30378.395,-2499.983,8983.489,0.026,1397.342,270,MANUAL_delete
105219,COLLAPSED_TO_LINE,3,-30378.395,-2499.983,8947.214,0.026,1397.342,270,MANUAL_delete
105727,COLLAPSED,3,-36878.543,-2499.983,9065.108,0,125849.197,318.25,auto_convert_TRIA3
106380,COLLAPSED,3,-27123.344,-2499.983,9065.108,0,125011.596,317.906,auto_convert_TRIA3
108703,COLLAPSED,3,-38038.549,2500.057,9070.566,0,115506.621,333.26,auto_convert_TRIA3
108706,COLLAPSED,3,-38615.236,2500.057,9055.427,0.001,50709.298,320.006,auto_convert_TRIA3
108709,COLLAPSED_TO_LINE,3,-38598.311,2500.057,9074.177,0.001,43127.287,333.997,MANUAL_delete
108711,COLLAPSED_TO_LINE,3,-38558.168,2500.057,9074.177,0.001,45868.027,332.286,MANUAL_delete
108712,COLLAPSED_TO_LINE,3,-38518.025,2500.057,9074.177,0.001,48913.481,330.356,MANUAL_delete
108713,COLLAPSED_TO_LINE,3,-38477.882,2500.057,9074.177,0.001,52298.781,328.167,MANUAL_delete
108714,COLLAPSED_TO_LINE,3,-38437.739,2500.057,9074.177,0.001,56056.355,325.67,MANUAL_delete
108715,COLLAPSED_TO_LINE,3,-38397.597,2500.057,9074.177,0.001,60209.181,322.809,MANUAL_delete
108716,COLLAPSED_TO_LINE,3,-38357.454,2500.057,9074.177,0.001,64758.93,319.514,MANUAL_delete
108717,COLLAPSED_TO_LINE,3,-38317.311,2500.057,9074.177,0.001,69666.668,315.708,MANUAL_delete
108718,COLLAPSED_TO_LINE,3,-38277.168,2500.057,9074.177,0.001,74824.402,311.302,MANUAL_delete
108719,COLLAPSED_TO_LINE,3,-38237.025,2500.057,9074.177,0.001,80019.547,306.21,MANUAL_delete
108720,COLLAPSED_TO_LINE,3,-38196.882,2500.057,9074.177,0,84904.225,300.358,MANUAL_delete
108721,COLLAPSED_TO_LINE,3,-38156.74,2500.057,9074.177,0,88997.299,293.715,MANUAL_delete
108722,COLLAPSED_TO_LINE,3,-38116.597,2500.057,9074.177,0,91756.822,286.323,MANUAL_delete
108723,COLLAPSED_TO_LINE,3,-38076.454,2500.057,9074.177,0,92735.319,278.331,MANUAL_delete
108976,COLLAPSED,3,-25291.208,2500.057,9070.556,0,127057.283,334.738,auto_convert_TRIA3
108983,COLLAPSED_TO_LINE,3,-25211.918,2500.057,9074.177,0,91580.249,270,MANUAL_delete
108984,COLLAPSED_TO_LINE,3,-25251.561,2500.057,9074.177,0,91580.249,270,MANUAL_delete
108985,COLLAPSED_TO_LINE,3,-25132.632,2500.057,9074.177,0,91580.249,270,MANUAL_delete
108986,COLLAPSED_TO_LINE,3,-25172.275,2500.057,9074.177,0,91580.249,270,MANUAL_delete
108987,COLLAPSED_TO_LINE,3,-25092.99,2500.057,9074.177,0,91580.249,270,MANUAL_delete
108988,COLLAPSED_TO_LINE,3,-25053.347,2500.057,9074.177,0,91580.249,270,MANUAL_delete
108989,COLLAPSED_TO_LINE,3,-25013.704,2500.057,9074.177,0,91580.249,270,MANUAL_delete
108990,COLLAPSED_TO_LINE,3,-24974.061,2500.057,9074.177,0,91580.249,270,MANUAL_delete
108991,COLLAPSED_TO_LINE,3,-24894.775,2500.057,9074.177,0,91580.249,270,MANUAL_delete
108992,COLLAPSED_TO_LINE,3,-24934.418,2500.057,9074.177,0,91580.249,270,MANUAL_delete
108993,COLLAPSED_TO_LINE,3,-24855.132,2500.057,9074.177,0,91580.249,270,MANUAL_delete
108994,COLLAPSED_TO_LINE,3,-24815.49,2500.057,9074.177,0,91580.249,270,MANUAL_delete
108995,COLLAPSED_TO_LINE,3,-24775.847,2500.057,9074.177,0,91580.249,270,MANUAL_delete
108996,COLLAPSED_TO_LINE,3,-24736.204,2500.057,9074.177,0,91580.249,270,MANUAL_delete
109985,COLLAPSED,3,-30388.398,2500.057,9065.108,0,124850.831,317.84,auto_convert_TRIA3
111060,COLLAPSED,3,-30368.367,2500.057,9065.108,0,124850.831,317.84,auto_convert_TRIA3
111122,COLLAPSED,3,-27143.398,2500.052,9065.108,0.02,2701.611,317.84,auto_convert_TRIA3
112256,COLLAPSED,3,-33633.398,2500.052,9065.108,0.02,2701.611,317.84,auto_convert_TRIA3
112560,BOWTIE,3,-36893.803,2500.057,8571.595,16.154,2.512,317.308,auto_reorder
113132,COLLAPSED,3,-36878.543,2500.052,9065.108,0.02,2723.215,318.25,auto_convert_TRIA3
113197,BOWTIE,3,-27105.054,2500.057,8572.458,13.902,2.877,314.439,auto_reorder
114342,COLLAPSED,3,-27123.344,2500.052,9065.108,0.02,2705.09,317.907,auto_convert_TRIA3
116992,COLLAPSED,3,-42036.382,1876.847,7641.615,0.004,8978.783,310.228,auto_convert_TRIA3
117784,SLIVER,3,-42036.382,-32.178,7644.2,0.093,608.477,315.047,MANUAL_remesh
117786,COLLAPSED,3,-42036.382,214.479,7641.492,0.009,4525.678,310.29,auto_convert_TRIA3
118302,COLLAPSED,3,-42036.382,255.521,9063.83,0,516972.381,308.678,auto_convert_TRIA3
118317,COLLAPSED,3,-42036.382,1918.134,9062.444,0,319583.342,307.631,auto_convert_TRIA3
123065,SLIVER,3,-42046.189,-41.913,7644.2,0.093,602.284,315.544,MANUAL_remesh
124963,COLLAPSED,3,-44794.272,37.056,8433.158,0.022,1747.499,335.733,auto_convert_TRIA3
125613,COLLAPSED,3,-45865.179,67.83,8487.34,0.001,48496.948,315.068,auto_convert_TRIA3
125784,COLLAPSED,3,-45874.599,68.101,8473.318,0.001,36115.727,333.617,auto_convert_TRIA3
125995,COLLAPSED,3,-44688.624,34.02,8411.556,0,117642.353,295.325,auto_convert_TRIA3
126008,BOWTIE,3,-44695.487,34.218,7923.075,12.16,5.423,313.303,auto_reorder
126011,COLLAPSED,3,-44695.487,34.218,8441.485,0,164918.182,319.417,auto_convert_TRIA3
126189,COLLAPSED,3,-42672.921,-1987.077,7659.313,0.003,8557.804,293.278,auto_convert_TRIA3
127125,COLLAPSED,3,-44726.353,2532.889,8430.554,0.001,35058.34,330.045,auto_convert_TRIA3
127139,COLLAPSED,3,-44717.482,2532.634,8445.086,0.001,47579.062,314.224,auto_convert_TRIA3
127822,BOWTIE,3,-46545.929,2585.176,8165.365,0.356,101.646,351.19,auto_reorder
128999,BOWTIE,3,12694.064,-10.427,20037.398,0.124,493.343,316.849,auto_reorder
129007,BOWTIE,3,12694.064,10.502,20037.398,0.124,493.343,316.849,auto_reorder
129145,BOWTIE,3,5903.571,10.502,19677.958,0.124,493.343,316.849,auto_reorder
129153,BOWTIE,3,5903.571,-10.427,19677.958,0.124,493.343,316.849,auto_reorder
129293,BOWTIE,3,2508.324,10.502,19498.238,0.124,493.343,316.849,auto_reorder
129301,BOWTIE,3,2508.324,-10.427,19498.238,0.124,493.343,316.849,auto_reorder
134262,COLLAPSED,4,-41784.832,-1927.055,8927.877,0.001,33179.97,306.631,auto_convert_TRIA3
134374,COLLAPSED,4,-41770.217,-1940.317,8927.877,0.001,33179.97,306.631,auto_convert_TRIA3
134515,COLLAPSED,4,-46695.792,2044.952,8853.223,0,420566.945,320.499,auto_convert_TRIA3
136146,COLLAPSED,4,-47207.577,2059.804,8853.28,0,419337.197,320.388,auto_convert_TRIA3
163898,BOWTIE,6,-10428.522,2474.419,9074.177,12.5,3.248,329.579,auto_reorder
163976,BOWTIE,6,-10428.522,2474.419,8059.177,12.5,3.248,329.579,auto_reorder
164893,COLLAPSED,6,-38617.951,-2507.099,9074.177,0.001,23856.653,332.432,auto_convert_TRIA3
164895,COLLAPSED,6,-38619.661,-2492.817,9074.177,0.001,25068.25,320.033,auto_convert_TRIA3
165015,COLLAPSED,6,-38617.992,2506.84,9074.177,0.001,23856.653,335.199,auto_convert_TRIA3
165062,COLLAPSED,6,-39353.182,-2509.358,7855.924,0.007,8847.903,320.99,auto_convert_TRIA3
165133,COLLAPSED,6,-39353.182,2509.432,7855.924,0.007,8847.903,320.99,auto_convert_TRIA3
179552,COLLAPSED,6,-9493.382,507.646,19436.833,0.002,31010.465,315.035,auto_convert_TRIA3
180065,COLLAPSED,6,-9493.382,-517.513,19436.979,0.002,31034.043,315.922,auto_convert_TRIA3
181285,COLLAPSED,6,-9493.382,1881.295,11040.106,0,370440.526,316.422,auto_convert_TRIA3
181436,COLLAPSED,6,-9493.382,-1881.22,11040.106,0,370440.477,316.422,auto_convert_TRIA3
181754,COLLAPSED,6,-20653.411,2490.672,9074.177,0.033,1675.48,316.895,auto_convert_TRIA3
182071,COLLAPSED,6,-17408.411,2490.672,9074.177,0.033,1675.48,316.895,auto_convert_TRIA3
182712,COLLAPSED,6,-14163.411,2490.672,9074.177,0.033,1675.48,316.895,auto_convert_TRIA3
182747,BOWTIE,6,-10428.452,2525.649,9074.177,12.5,3.229,329.846,auto_reorder
182767,COLLAPSED,6,-23899.394,2509.431,9074.177,0.026,2227.456,319.577,auto_convert_TRIA3
182805,COLLAPSED,6,-20653.411,2509.431,9074.177,0.026,2114.393,316.914,auto_convert_TRIA3
183130,COLLAPSED,6,-17408.411,2509.431,9074.177,0.026,2114.393,316.914,auto_convert_TRIA3
183559,COLLAPSED,6,-14163.411,2509.431,9074.177,0.026,2114.393,316.914,auto_convert_TRIA3
184101,COLLAPSED,6,-23899.394,2490.672,9074.177,0.033,1765.019,319.558,auto_convert_TRIA3
184174,BOWTIE,6,-10428.452,2525.649,8059.177,12.5,3.229,329.846,auto_reorder
186540,BOWTIE,6,-14145.606,2477.139,8059.177,16.663,2.477,317.678,auto_reorder
187533,COLLAPSED,6,-20653.411,-2490.598,9074.177,0.033,1675.48,316.895,auto_convert_TRIA3
187848,COLLAPSED,6,-17408.411,-2490.598,9074.177,0.033,1675.48,316.895,auto_convert_TRIA3
188163,COLLAPSED,6,-14163.411,-2490.598,9074.177,0.033,1675.48,316.895,auto_convert_TRIA3
188169,COLLAPSED,6,-23899.394,-2509.356,9074.177,0.026,2227.456,319.577,auto_convert_TRIA3
188207,COLLAPSED,6,-20653.411,-2509.356,9074.177,0.026,2114.393,316.914,auto_convert_TRIA3
188532,COLLAPSED,6,-17408.411,-2509.356,9074.177,0.026,2114.393,316.914,auto_convert_TRIA3
188857,COLLAPSED,6,-14163.411,-2509.356,9074.177,0.026,2114.393,316.914,auto_convert_TRIA3
189172,BOWTIE,6,-10428.522,-2525.596,9074.177,12.5,3.247,329.564,auto_reorder
189548,COLLAPSED,6,-23899.394,-2490.598,9074.177,0.033,1765.019,319.558,auto_convert_TRIA3
190691,BOWTIE,6,-10428.527,-2525.594,8059.177,12.5,3.247,329.539,auto_reorder
192308,COLLAPSED,6,-39353.182,-2490.608,7855.924,0.007,8847.903,320.99,auto_convert_TRIA3
192346,COLLAPSED,6,-39353.182,2490.682,7855.924,0.007,8847.903,320.99,auto_convert_TRIA3
193668,BOWTIE,6,-37999.857,-2478.248,9074.177,17.335,2.236,326.72,auto_reorder
196054,BOWTIE,6,-37999.857,2478.323,9074.177,17.335,2.236,326.72,auto_reorder
230659,COLLAPSED,6,-9493.382,1866.867,11025.077,0,370537.153,316.436,auto_convert_TRIA3
230810,COLLAPSED,6,-9493.382,-1866.792,11025.077,0,370537.103,316.436,auto_convert_TRIA3
232587,BOWTIE,7,-42006.377,142.306,7634.177,6.146,6.839,359.967,auto_reorder
232589,BOWTIE,7,-42006.374,101.685,7634.177,3.325,12.642,359.889,auto_reorder
232590,BOWTIE,7,-42006.371,61.064,7634.177,0.504,83.365,359.678,auto_reorder
232594,BOWTIE,7,-42006.367,20.444,7634.177,0.504,83.365,359.207,auto_reorder
232609,COLLAPSED,7,-42028.882,-263.555,7634.177,0,537232.444,322.072,auto_convert_TRIA3
232943,COLLAPSED,7,-44767.727,26.489,7916.757,0,9990000000,321.015,auto_convert_TRIA3
233909,COLLAPSED,7,-40090.393,-2105.434,9074.177,0,519525.013,294.821,auto_convert_TRIA3
233952,COLLAPSED,7,-40090.393,-431.06,9074.177,0,519525.226,294.821,auto_convert_TRIA3
234084,BOWTIE,7,-47685.954,-56.187,8869.177,11.175,3.508,312.103,auto_reorder
234089,BOWTIE,7,-47828.346,-51.887,8869.177,12.95,3.027,313.547,auto_reorder
234111,BOWTIE,7,-47269.886,-118.598,8869.177,0.057,23.622,270.012,auto_reorder
234284,BOWTIE,7,-40102.019,-2509.045,7794.036,0.927,58.519,318.07,auto_reorder
234343,COLLAPSED,7,-39374.54,-2509.358,7854.159,0.007,8081.715,316.439,auto_convert_TRIA3
234560,BOWTIE,7,-40102.019,2509.12,7794.036,0.927,58.519,318.07,auto_reorder
234619,COLLAPSED,7,-39374.54,2509.432,7854.159,0.007,8081.715,316.439,auto_convert_TRIA3
234681,COLLAPSED,7,-37151.69,-138.151,8037.865,0,1447803.081,286.037,auto_convert_TRIA3
234765,BOWTIE,7,-40030.436,-118.443,7799.952,9.932,4.748,331.14,auto_reorder
234784,BOWTIE,7,-42006.383,-33.895,7634.177,22.043,1.907,359.99,auto_reorder
248361,BOWTIE,7,-8520.811,2492.721,19446.677,16.144,2.486,316.633,auto_reorder
252162,COLLAPSED,7,-9511.415,2207.438,18816.677,0.001,58568.154,300.373,auto_convert_TRIA3
255556,BOWTIE,7,-5756.688,-2495.105,18816.677,18.261,2.198,312.553,auto_reorder
266353,COLLAPSED,7,-9513.472,-2197.462,18816.677,0.001,60458.688,311.312,auto_convert_TRIA3
272851,BOWTIE,7,-5936.23,-2507.066,14394.735,0.167,240.391,312.229,auto_reorder
273094,COLLAPSED,7,-8659.214,-2506.509,18020.842,0.023,1759.367,311.925,auto_convert_TRIA3
273779,BOWTIE,7,-5936.132,-2492.801,14394.605,0.167,240.391,312.707,auto_reorder
274024,COLLAPSED,7,-8659.973,-2492.974,18021.854,0.023,1759.367,307.699,auto_convert_TRIA3
283161,COLLAPSED,7,-41773.956,-1943.393,9074.177,0.001,30709.05,305.974,auto_convert_TRIA3
283265,BOWTIE,7,-40121.701,-2490.266,9074.177,0.924,60.646,316.075,auto_reorder
283513,COLLAPSED,7,-41776.842,-1926.567,9074.177,0.001,58039.099,336.105,auto_convert_TRIA3
283599,BOWTIE,7,-47596.187,-2007.381,9074.177,1.181,35.834,340.023,auto_reorder
286872,BOWTIE,7,-40121.701,2490.339,9074.177,0.924,60.649,316.072,auto_reorder
286902,COLLAPSED,7,-40122.132,2121.05,9074.177,0,638059.507,317.886,auto_convert_TRIA3
287006,BOWTIE,7,-42030.393,2473.462,9074.177,25.039,1.581,332.607,auto_reorder
287044,BOWTIE,7,-41760.036,1878.535,9074.177,14.712,2.481,320.472,auto_reorder
287080,COLLAPSED,7,-42028.882,1924.398,9074.177,0,552697.063,323.311,auto_convert_TRIA3
287130,COLLAPSED,7,-42550.882,2490.294,9074.177,0.002,17199.792,335.253,auto_convert_TRIA3
287182,COLLAPSED,7,-42553.882,1924.094,9074.177,0,542027.202,322.466,auto_convert_TRIA3
287433,COLLAPSED,7,-42536.574,1924.094,9074.177,0,609281.323,315.134,auto_convert_TRIA3
287447,COLLAPSED,7,-42046.189,1924.398,9074.177,0,618792.604,315.744,auto_convert_TRIA3
288135,COLLAPSED,7,-40093.401,2113.853,9074.177,0,473320.614,324.382,auto_convert_TRIA3
290198,COLLAPSED,7,-42561.382,-266.858,7634.177,0,431855.517,310.123,auto_convert_TRIA3
290289,COLLAPSED_TO_LINE,7,-42055.997,198.766,7634.177,0,9990000000,268.363,MANUAL_delete
290290,COLLAPSED_TO_LINE,7,-42095.228,199.896,7634.177,0,9990000000,180,MANUAL_delete
290291,COLLAPSED_TO_LINE,7,-42134.459,201.026,7634.177,0,9990000000,268.363,MANUAL_delete
290292,COLLAPSED_TO_LINE,7,-42173.689,202.154,7634.177,0,9990000000,180,MANUAL_delete
290293,COLLAPSED_TO_LINE,7,-42212.92,203.284,7634.177,0,9990000000,180,MANUAL_delete
290294,COLLAPSED_TO_LINE,7,-42252.151,204.416,7634.177,0,9990000000,180,MANUAL_delete
290297,COLLAPSED_TO_LINE,7,-42369.843,207.806,7634.177,0,9990000000,268.363,MANUAL_delete
290298,COLLAPSED_TO_LINE,7,-42409.074,208.936,7634.177,0,9990000000,180,MANUAL_delete
290299,COLLAPSED_TO_LINE,7,-42448.305,210.066,7634.177,0,9990000000,268.363,MANUAL_delete
290300,COLLAPSED_TO_LINE,7,-42487.535,211.194,7634.177,0,9990000000,180,MANUAL_delete
290301,COLLAPSED_TO_LINE,7,-42526.766,212.326,7634.177,0,9990000000,180,MANUAL_delete
290306,COLLAPSED,7,-42553.927,203.091,7634.177,0.009,5712.187,323.604,auto_convert_TRIA3
290402,COLLAPSED_TO_LINE,7,-42526.766,-273.179,7634.177,0,9990000000,270,MANUAL_delete
290403,COLLAPSED_TO_LINE,7,-42487.535,-273.179,7634.177,0,9990000000,180,MANUAL_delete
290404,COLLAPSED_TO_LINE,7,-42448.305,-273.179,7634.177,0,9990000000,180,MANUAL_delete
290405,COLLAPSED_TO_LINE,7,-42409.074,-273.179,7634.177,0,9990000000,180,MANUAL_delete
290406,COLLAPSED_TO_LINE,7,-42369.843,-273.179,7634.177,0,9990000000,180,MANUAL_delete
290407,COLLAPSED_TO_LINE,7,-42330.612,-273.179,7634.177,0,9990000000,180,MANUAL_delete
290408,COLLAPSED_TO_LINE,7,-42291.382,-273.179,7634.177,0,9990000000,180,MANUAL_delete
290409,COLLAPSED_TO_LINE,7,-42252.151,-273.179,7634.177,0,9990000000,180,MANUAL_delete
290410,COLLAPSED_TO_LINE,7,-42212.92,-273.179,7634.177,0,9990000000,180,MANUAL_delete
290411,COLLAPSED_TO_LINE,7,-42173.689,-273.179,7634.177,0,9990000000,180,MANUAL_delete
290412,COLLAPSED_TO_LINE,7,-42134.459,-273.179,7634.177,0,9990000000,180,MANUAL_delete
290413,COLLAPSED_TO_LINE,7,-42095.228,-273.179,7634.177,0,9990000000,180,MANUAL_delete
290414,COLLAPSED_TO_LINE,7,-42055.997,-273.179,7634.177,0,9990000000,180,MANUAL_delete
290983,COLLAPSED,7,-44788.886,47.323,7919.668,0,9990000000,316.622,auto_convert_TRIA3
291188,COLLAPSED,7,-40132.533,-431.06,9074.177,0,519525.226,293.255,auto_convert_TRIA3
291231,COLLAPSED,7,-40132.371,-2105.434,9074.177,0,519525.013,294.821,auto_convert_TRIA3
291240,BOWTIE,7,-47603.04,2785.575,8869.177,12.392,3.054,315.897,auto_reorder
291264,BOWTIE,7,-47746.626,2790.17,8869.177,12.052,3.146,315.437,auto_reorder
291281,BOWTIE,7,-47747.417,2630.63,8869.177,3.246,17.308,316.04,auto_reorder
291316,BOWTIE,7,-47202.553,2593.437,8869.177,1.755,32.9,315.221,auto_reorder
291336,COLLAPSED,7,-47216.03,2067.499,8869.177,0,572706.861,318.284,auto_convert_TRIA3
291444,COLLAPSED,7,-44608.124,2318.135,8869.177,0,595290.698,317.435,auto_convert_TRIA3
291486,BOWTIE,7,-46663.06,2181.947,8869.177,2.5,22.738,317.028,auto_reorder
291506,COLLAPSED,7,-46681.036,2045.642,8869.177,0,410112.739,320.445,auto_convert_TRIA3
291735,COLLAPSED,7,-44628.115,2318.711,8869.177,0,595186.211,317.426,auto_convert_TRIA3
291888,COLLAPSED,7,-47197.521,2066.967,8869.177,0,608403.12,315.354,auto_convert_TRIA3
291955,COLLAPSED,7,-46705.416,2052.857,8869.177,0,609298.841,315.255,auto_convert_TRIA3
291992,BOWTIE,7,-44852.797,2706.238,8869.177,13.159,2.883,316.487,auto_reorder
292008,BOWTIE,7,-45628.839,2728.543,8869.177,12.759,2.966,316.735,auto_reorder
292036,BOWTIE,7,-45772.417,2732.67,8869.177,13.148,2.886,316.47,auto_reorder
292083,BOWTIE,7,-44709.245,2702.1,8869.177,12.819,2.953,316.808,auto_reorder
292174,COLLAPSED,7,-47264.823,362.392,8869.177,0,563571.626,317.363,auto_convert_TRIA3
292253,COLLAPSED,7,-46735.04,347.23,8869.177,0,583715.534,315.27,auto_convert_TRIA3
292358,COLLAPSED,7,-44683.349,388.569,8869.177,0,626748.615,315.37,auto_convert_TRIA3
292602,COLLAPSED,7,-44663.357,387.997,8869.177,0,626738.116,315.371,auto_convert_TRIA3
292661,COLLAPSED,7,-47246.315,361.862,8869.177,0,599859.422,316.278,auto_convert_TRIA3
292702,COLLAPSED,7,-46754.209,347.778,8869.177,0,599927.29,316.272,auto_convert_TRIA3
292912,BOWTIE,7,-45710.117,-112.653,8869.177,12.947,3.028,314.21,auto_reorder
292918,BOWTIE,7,-44934.093,-134.99,8869.177,12.713,3.083,314.284,auto_reorder
292954,BOWTIE,7,-45853.713,-108.526,8869.177,12.743,3.076,314.368,auto_reorder
293005,BOWTIE,7,-44790.521,-139.116,8869.177,12.928,3.032,314.101,auto_reorder
293405,COLLAPSED,7,-39374.54,-2490.608,7854.159,0.007,8081.715,316.439,auto_convert_TRIA3
293723,COLLAPSED,7,-39374.54,2490.682,7854.159,0.007,8081.715,316.439,auto_convert_TRIA3
311297,COLLAPSED,7,-9485.884,-491.181,19446.677,0.002,22035.721,310.754,auto_convert_TRIA3
311816,COLLAPSED,7,-9497.794,528.624,19446.677,0.002,22162.265,333.346,auto_convert_TRIA3
312127,COLLAPSED,7,-9503.955,-492.871,19446.677,0.002,26117.376,310.028,auto_convert_TRIA3
314318,COLLAPSED,7,-9474.038,-2197.462,18816.677,0.001,54785.501,283.38,auto_convert_TRIA3
315689,COLLAPSED,7,-5924.98,2500.037,14395.367,0.045,1091.677,321.707,auto_convert_TRIA3
324614,COLLAPSED,8,-9033.742,2509.32,20153.1,0.002,21254.101,304.057,auto_convert_TRIA3
327467,COLLAPSED,8,-9021.177,2492.446,20181.021,0.002,19958.319,308.743,auto_convert_TRIA3
332140,COLLAPSED,8,-9033.731,-2509.245,20153.123,0.002,21253.795,304.056,auto_convert_TRIA3
335140,COLLAPSED,8,-9021.167,-2492.372,20181.045,0.002,19958.459,308.74,auto_convert_TRIA3
338068,COLLAPSED_TO_LINE,8,-8383.551,2500.037,8626.177,0.002,17110.479,270,MANUAL_delete
338069,COLLAPSED_TO_LINE,8,-8383.551,2500.037,8585.177,0.002,17110.479,270,MANUAL_delete
338070,COLLAPSED_TO_LINE,8,-8383.551,2500.037,8544.177,0.002,17110.479,270,MANUAL_delete
338071,COLLAPSED_TO_LINE,8,-8383.551,2500.037,8503.177,0.002,17110.479,270,MANUAL_delete
338072,COLLAPSED_TO_LINE,8,-8383.551,2500.037,8462.177,0.002,17110.479,270,MANUAL_delete
338073,COLLAPSED_TO_LINE,8,-8383.551,2500.037,8421.177,0.002,17110.479,270,MANUAL_delete
338074,COLLAPSED_TO_LINE,8,-8383.551,2500.037,8380.177,0.002,17110.479,270,MANUAL_delete
338075,COLLAPSED_TO_LINE,8,-8383.551,2500.037,8339.177,0.002,17110.479,270,MANUAL_delete
338076,COLLAPSED_TO_LINE,8,-8383.551,2500.037,8298.177,0.002,17110.479,270,MANUAL_delete
338077,COLLAPSED_TO_LINE,8,-8383.551,2500.037,8257.177,0.002,17110.479,270,MANUAL_delete
338078,COLLAPSED_TO_LINE,8,-8383.551,2500.037,8216.177,0.002,17110.479,270,MANUAL_delete
338079,COLLAPSED_TO_LINE,8,-8383.551,2500.037,8175.177,0.002,17110.479,270,MANUAL_delete
338080,COLLAPSED_TO_LINE,8,-8383.551,2500.037,8134.177,0.002,17110.479,270,MANUAL_delete
338081,COLLAPSED_TO_LINE,8,-8383.551,2500.037,8093.177,0.002,17110.479,270,MANUAL_delete
338082,COLLAPSED_TO_LINE,8,-8383.551,2500.037,8052.177,0.002,17110.479,270,MANUAL_delete
338532,COLLAPSED_TO_LINE,8,-8383.551,-2499.963,8052.177,0.002,17110.479,270,MANUAL_delete
338533,COLLAPSED_TO_LINE,8,-8383.551,-2499.963,8093.177,0.002,17110.479,270,MANUAL_delete
338534,COLLAPSED_TO_LINE,8,-8383.551,-2499.963,8134.177,0.002,17110.479,270,MANUAL_delete
338535,COLLAPSED_TO_LINE,8,-8383.551,-2499.963,8175.177,0.002,17110.479,270,MANUAL_delete
338536,COLLAPSED_TO_LINE,8,-8383.551,-2499.963,8216.177,0.002,17110.479,270,MANUAL_delete
338537,COLLAPSED_TO_LINE,8,-8383.551,-2499.963,8257.177,0.002,17110.479,270,MANUAL_delete
338538,COLLAPSED_TO_LINE,8,-8383.551,-2499.963,8298.177,0.002,17110.479,270,MANUAL_delete
338539,COLLAPSED_TO_LINE,8,-8383.551,-2499.963,8339.177,0.002,17110.479,270,MANUAL_delete
338540,COLLAPSED_TO_LINE,8,-8383.551,-2499.963,8380.177,0.002,17110.479,270,MANUAL_delete
338541,COLLAPSED_TO_LINE,8,-8383.551,-2499.963,8421.177,0.002,17110.479,270,MANUAL_delete
338542,COLLAPSED_TO_LINE,8,-8383.551,-2499.963,8462.177,0.002,17110.479,270,MANUAL_delete
338543,COLLAPSED_TO_LINE,8,-8383.551,-2499.963,8503.177,0.002,17110.479,270,MANUAL_delete
338544,COLLAPSED_TO_LINE,8,-8383.551,-2499.963,8544.177,0.002,17110.479,270,MANUAL_delete
338545,COLLAPSED_TO_LINE,8,-8383.551,-2499.963,8585.177,0.002,17110.479,270,MANUAL_delete
338546,COLLAPSED_TO_LINE,8,-8383.551,-2499.963,8626.177,0.002,17110.479,270,MANUAL_delete
338615,BOWTIE,8,532.023,-1210.019,8864.027,38.332,6.176,350.682,auto_reorder
341156,COLLAPSED,8,-9493.382,2209.412,18806.718,0.001,75160.427,316.729,auto_convert_TRIA3
341500,COLLAPSED,8,-9493.382,-2209.337,18826.52,0.001,74701.373,316.397,auto_convert_TRIA3
342050,BOWTIE,8,-42046.189,2500.057,9064.292,1.836,29.632,316.138,auto_reorder
354428,COLLAPSED,8,-9493.382,-2508.139,9845.155,0.004,9895.508,308.591,auto_convert_TRIA3
359407,COLLAPSED,8,-8370.304,2493.35,8031.677,0.002,16333.297,313.393,auto_convert_TRIA3
361124,COLLAPSED,8,-8384.238,2521.281,8031.677,0.002,18578.112,287.368,auto_convert_TRIA3
361300,BOWTIE,8,-4617.132,2245.933,8646.677,7.939,5.355,328.903,auto_reorder
362375,BOWTIE,8,-5369.639,2245.933,8646.677,7.924,5.365,328.909,auto_reorder
363235,BOWTIE,8,-744.652,2743.535,8646.677,5.813,7.653,338.41,auto_reorder
366844,BOWTIE,8,-4607.132,-2256.65,8646.677,6.987,6.331,332.641,auto_reorder
367924,BOWTIE,8,-5379.652,-2256.65,8646.677,7.005,6.315,332.585,auto_reorder
368782,BOWTIE,8,-744.652,-2743.461,8646.677,5.813,7.653,338.41,auto_reorder
371138,COLLAPSED,8,-8367.411,-2492.992,8031.677,0.002,16333.297,312.359,auto_convert_TRIA3
372840,COLLAPSED,8,-8384.238,-2521.206,8031.677,0.002,18578.112,287.368,auto_convert_TRIA3
374598,BOWTIE,8,531.117,-1171.697,8864.027,38.335,6.175,350.681,auto_reorder
375300,COLLAPSED,8,-5376.07,2500.037,26723.731,0.005,11341.44,315.281,auto_convert_TRIA3
376924,COLLAPSED,8,-5376.07,-2499.963,26723.731,0.005,11341.44,315.281,auto_convert_TRIA3
377671,COLLAPSED,8,-4610.695,-2499.963,26723.898,0.005,11438.055,315.758,auto_convert_TRIA3
381262,COLLAPSED,8,-9493.382,1894.766,11034.97,0,274933.152,327.587,auto_convert_TRIA3
381881,COLLAPSED,8,-9493.382,1881.034,11011.476,0,367347.65,316.963,auto_convert_TRIA3
382045,COLLAPSED,8,-9493.382,2209.412,18826.52,0.001,74701.373,316.397,auto_convert_TRIA3
382212,COLLAPSED,8,-9493.382,-1894.839,11035.28,0,274933.115,326.788,auto_convert_TRIA3
382819,COLLAPSED,8,-9493.382,-1880.959,11011.476,0,367347.601,316.963,auto_convert_TRIA3
384218,COLLAPSED,8,-9493.382,-2209.337,18806.718,0.001,75160.427,316.729,auto_convert_TRIA3
390020,BOWTIE,10,-9486.596,2757.173,8759.634,0.188,301.14,317.535,auto_reorder
391035,BOWTIE,10,-1191.588,2491.863,9084.915,0.094,447.456,309.237,auto_reorder
393143,BOWTIE,10,-9486.596,-2757.098,8759.634,0.188,301.14,317.535,auto_reorder
410563,BOWTIE,10,-772.513,2496.565,9466.756,0.096,416.565,335.041,auto_reorder
420133,BOWTIE,10,-4600.882,2252.103,13153.702,5.567,3.694,303.363,auto_reorder
420147,BOWTIE,10,-4600.882,2269.517,13144.085,5.567,7.484,315.392,auto_reorder
423289,BOWTIE,10,-4600.882,2747.972,13153.702,5.567,3.694,303.363,auto_reorder
423304,BOWTIE,10,-4600.882,2730.558,13144.085,5.567,7.484,315.392,auto_reorder
429105,BOWTIE,10,-1191.588,2508.211,9084.915,0.094,447.456,309.237,auto_reorder
444565,BOWTIE,10,-4600.882,-2252.028,13153.702,5.567,3.694,303.363,auto_reorder
444580,BOWTIE,10,-4600.882,-2269.442,13144.085,5.567,7.484,315.392,auto_reorder
445533,COLLAPSED,10,-4600.882,-2498.013,26700.475,0.005,7987.502,342.792,auto_convert_TRIA3
447901,BOWTIE,10,-4600.882,-2747.897,13153.702,5.567,3.694,303.363,auto_reorder
447915,BOWTIE,10,-4600.882,-2730.483,13144.085,5.567,7.484,315.392,auto_reorder
449533,COLLAPSED,10,-4600.882,-2501.913,26700.475,0.005,7987.502,342.792,auto_convert_TRIA3
460377,BOWTIE,10,-772.513,2503.51,9466.756,0.096,416.565,335.041,auto_reorder
476188,COLLAPSED,14,-14136.678,-2179.619,8929.077,0.003,14019.924,304.041,auto_convert_TRIA3
476390,COLLAPSED,14,-14170.098,-2179.735,8929.077,0.003,14054.983,304.083,auto_convert_TRIA3
477631,COLLAPSED,14,-17381.678,-2179.619,8929.077,0.003,14019.924,304.041,auto_convert_TRIA3
477833,COLLAPSED,14,-17415.098,-2179.735,8929.077,0.003,14054.983,304.083,auto_convert_TRIA3
478081,COLLAPSED,14,-20626.678,-2179.619,8929.077,0.003,14019.924,304.041,auto_convert_TRIA3
478283,COLLAPSED,14,-20660.098,-2179.735,8929.077,0.003,14054.983,304.083,auto_convert_TRIA3
478845,COLLAPSED,14,-23905.098,-2179.735,8929.077,0.003,14054.983,304.083,auto_convert_TRIA3
478870,COLLAPSED,14,-23871.678,-2179.619,8929.077,0.003,14019.924,304.041,auto_convert_TRIA3
479198,COLLAPSED,14,-36885.095,-2179.632,8929.077,0.003,14020.058,303.97,auto_convert_TRIA3
479425,COLLAPSED,14,-36851.67,-2179.632,8929.077,0.003,14020.058,303.97,auto_convert_TRIA3
479852,COLLAPSED,14,-33640.098,-2179.735,8929.077,0.003,14054.983,304.083,auto_convert_TRIA3
479877,COLLAPSED,14,-33606.678,-2179.619,8929.077,0.003,14019.924,304.041,auto_convert_TRIA3
480143,COLLAPSED,14,-30361.678,-2179.619,8929.077,0.003,14019.924,304.041,auto_convert_TRIA3
480345,COLLAPSED,14,-30395.098,-2179.735,8929.077,0.003,14054.983,304.083,auto_convert_TRIA3
480696,COLLAPSED,14,-27116.678,-2179.619,8929.077,0.003,14019.924,304.041,auto_convert_TRIA3
480898,COLLAPSED,14,-27150.098,-2179.735,8929.077,0.003,14054.983,304.083,auto_convert_TRIA3
483408,COLLAPSED,14,-4637.312,-1307.251,8474.677,0.002,18719.743,294.281,auto_convert_TRIA3
483449,COLLAPSED,14,-3048.575,-1263.691,8474.677,0.002,17931.73,290.183,auto_convert_TRIA3
485167,COLLAPSED,14,-4641.847,1071.255,8454.54,0.002,23682.495,290.007,auto_convert_TRIA3
485316,COLLAPSED_TO_LINE,14,-3043.383,-1283.588,8051.813,0.001,79373.972,270,MANUAL_delete
485317,COLLAPSED_TO_LINE,14,-3043.383,-1283.588,8092.086,0.001,59003.686,270,MANUAL_delete
485318,COLLAPSED_TO_LINE,14,-3043.382,-1283.588,8132.358,0.001,46953.65,270,MANUAL_delete
485319,COLLAPSED_TO_LINE,14,-3043.382,-1283.588,8172.631,0.001,38990.757,270,MANUAL_delete
485320,COLLAPSED_TO_LINE,14,-3043.382,-1283.588,8212.904,0.001,33337.101,270,MANUAL_delete
485321,COLLAPSED_TO_LINE,14,-3043.382,-1283.588,8253.177,0.001,29115.375,270,MANUAL_delete
485322,COLLAPSED_TO_LINE,14,-3043.382,-1283.588,8293.449,0.002,25842.718,270,MANUAL_delete
485323,COLLAPSED_TO_LINE,14,-3043.382,-1283.588,8333.722,0.002,23231.434,270,MANUAL_delete
485324,COLLAPSED_TO_LINE,14,-3043.382,-1283.588,8373.995,0.002,21099.437,270,MANUAL_delete
485325,COLLAPSED_TO_LINE,14,-3043.381,-1283.588,8414.268,0.002,19325.862,270,MANUAL_delete
485326,COLLAPSED_TO_LINE,14,-3043.381,-1283.588,8454.54,0.002,17827.333,270,MANUAL_delete
485777,COLLAPSED,14,-4642.128,-1327.423,8454.54,0.002,16639.366,276.122,auto_convert_TRIA3
486327,COLLAPSED_TO_LINE,14,-1094.754,-1230.16,8030.177,0.002,1785.19,270,MANUAL_delete
486482,COLLAPSED_TO_LINE,14,-2299.862,1126.611,8030.177,0.001,3977.719,270,MANUAL_delete
496739,COLLAPSED,14,-1090.883,-1121.77,8031.677,0.002,19939.533,327.113,auto_convert_TRIA3
498342,COLLAPSED,14,-3049.454,-1303.794,8474.677,0.002,18719.743,294.28,auto_convert_TRIA3
498383,COLLAPSED,14,-4638.189,-1347.354,8474.677,0.002,17931.73,290.183,auto_convert_TRIA3
533450,COLLAPSED_TO_LINE,22,-39271.707,-1853.108,9074.177,0,92259.519,270,MANUAL_delete
533511,COLLAPSED,22,-37435.445,-438.422,9071.04,0,104118.618,286.168,auto_convert_TRIA3
533513,COLLAPSED_TO_LINE,22,-37468.409,-463.818,9074.177,0,92259.513,270,MANUAL_delete
533548,COLLAPSED_TO_LINE,22,-39240.07,-1828.735,9074.177,0,92259.519,270,MANUAL_delete
533549,COLLAPSED_TO_LINE,22,-37500.046,-488.192,9074.177,0,92259.513,270,MANUAL_delete
533550,COLLAPSED_TO_LINE,22,-37531.682,-512.565,9074.177,0,92259.507,270,MANUAL_delete
533551,COLLAPSED_TO_LINE,22,-37563.319,-536.939,9074.177,0,92259.513,270,MANUAL_delete
533552,COLLAPSED_TO_LINE,22,-37658.23,-610.059,9074.177,0,92259.513,270,MANUAL_delete
533553,COLLAPSED_TO_LINE,22,-37689.866,-634.433,9074.177,0,92259.513,270,MANUAL_delete
533554,COLLAPSED_TO_LINE,22,-37753.14,-683.18,9074.177,0,92259.513,270,MANUAL_delete
533555,COLLAPSED_TO_LINE,22,-37721.503,-658.806,9074.177,0,92259.513,270,MANUAL_delete
533556,COLLAPSED_TO_LINE,22,-37594.956,-561.312,9074.177,0,92259.513,270,MANUAL_delete
533557,COLLAPSED_TO_LINE,22,-37626.593,-585.686,9074.177,0,92259.513,270,MANUAL_delete
533558,COLLAPSED_TO_LINE,22,-37784.777,-707.553,9074.177,0,92259.513,270,MANUAL_delete
533559,COLLAPSED_TO_LINE,22,-37816.414,-731.927,9074.177,0,92259.513,270,MANUAL_delete
533560,COLLAPSED_TO_LINE,22,-37848.05,-756.3,9074.177,0,92259.513,270,MANUAL_delete
533561,COLLAPSED_TO_LINE,22,-38385.876,-1170.65,9074.177,0,92259.519,270,MANUAL_delete
533562,COLLAPSED_TO_LINE,22,-38417.513,-1195.023,9074.177,0,92259.519,270,MANUAL_delete
533563,COLLAPSED_TO_LINE,22,-38449.15,-1219.397,9074.177,0,92259.519,270,MANUAL_delete
533564,COLLAPSED_TO_LINE,22,-38544.06,-1292.518,9074.177,0,92259.519,270,MANUAL_delete
533565,COLLAPSED_TO_LINE,22,-38512.424,-1268.144,9074.177,0,92259.513,270,MANUAL_delete
533566,COLLAPSED_TO_LINE,22,-38480.787,-1243.77,9074.177,0,92259.519,270,MANUAL_delete
533567,COLLAPSED_TO_LINE,22,-38290.966,-1097.529,9074.177,0,92259.519,270,MANUAL_delete
533568,COLLAPSED_TO_LINE,22,-38322.603,-1121.903,9074.177,0,92259.519,270,MANUAL_delete
533569,COLLAPSED_TO_LINE,22,-38354.239,-1146.276,9074.177,0,92259.519,270,MANUAL_delete
533570,COLLAPSED_TO_LINE,22,-38227.692,-1048.782,9074.177,0,92259.519,270,MANUAL_delete
533571,COLLAPSED_TO_LINE,22,-38259.329,-1073.156,9074.177,0,92259.519,270,MANUAL_delete
533572,COLLAPSED_TO_LINE,22,-38037.871,-902.541,9074.177,0,92259.519,270,MANUAL_delete
533573,COLLAPSED_TO_LINE,22,-38069.508,-926.915,9074.177,0,92259.513,270,MANUAL_delete
533574,COLLAPSED_TO_LINE,22,-38101.145,-951.288,9074.177,0,92259.513,270,MANUAL_delete
533575,COLLAPSED_TO_LINE,22,-38196.055,-1024.409,9074.177,0,92259.519,270,MANUAL_delete
533576,COLLAPSED_TO_LINE,22,-38164.419,-1000.035,9074.177,0,92259.513,270,MANUAL_delete
533577,COLLAPSED_TO_LINE,22,-38132.782,-975.662,9074.177,0,92259.513,270,MANUAL_delete
533578,COLLAPSED_TO_LINE,22,-37911.324,-805.047,9074.177,0,92259.513,270,MANUAL_delete
533579,COLLAPSED_TO_LINE,22,-37942.961,-829.421,9074.177,0,92259.513,270,MANUAL_delete
533580,COLLAPSED_TO_LINE,22,-37974.598,-853.794,9074.177,0,92259.519,270,MANUAL_delete
533581,COLLAPSED_TO_LINE,22,-38006.235,-878.168,9074.177,0,92259.519,270,MANUAL_delete
533582,COLLAPSED_TO_LINE,22,-37879.687,-780.674,9074.177,0,92259.513,270,MANUAL_delete
533583,COLLAPSED_TO_LINE,22,-38986.976,-1633.747,9074.177,0,92259.519,270,MANUAL_delete
533584,COLLAPSED_TO_LINE,22,-39018.613,-1658.12,9074.177,0,92259.519,270,MANUAL_delete
533585,COLLAPSED_TO_LINE,22,-39050.249,-1682.494,9074.177,0,92259.519,270,MANUAL_delete
533586,COLLAPSED_TO_LINE,22,-38892.065,-1560.626,9074.177,0,92259.519,270,MANUAL_delete
533587,COLLAPSED_TO_LINE,22,-38923.702,-1585,9074.177,0,92259.519,270,MANUAL_delete
533588,COLLAPSED_TO_LINE,22,-38955.339,-1609.373,9074.177,0,92259.519,270,MANUAL_delete
533589,COLLAPSED_TO_LINE,22,-39113.523,-1731.241,9074.177,0,92259.519,270,MANUAL_delete
533590,COLLAPSED_TO_LINE,22,-39145.16,-1755.614,9074.177,0,92259.519,270,MANUAL_delete
533591,COLLAPSED_TO_LINE,22,-39208.433,-1804.361,9074.177,0,92259.519,270,MANUAL_delete
533592,COLLAPSED_TO_LINE,22,-39176.797,-1779.988,9074.177,0,92259.519,270,MANUAL_delete
533593,COLLAPSED_TO_LINE,22,-39081.886,-1706.867,9074.177,0,92259.519,270,MANUAL_delete
533594,COLLAPSED_TO_LINE,22,-38797.155,-1487.506,9074.177,0,92259.519,270,MANUAL_delete
533595,COLLAPSED_TO_LINE,22,-38765.518,-1463.132,9074.177,0,92259.519,270,MANUAL_delete
533596,COLLAPSED_TO_LINE,22,-38733.881,-1438.759,9074.177,0,92259.519,270,MANUAL_delete
533597,COLLAPSED_TO_LINE,22,-38860.428,-1536.253,9074.177,0,92259.519,270,MANUAL_delete
533598,COLLAPSED_TO_LINE,22,-38828.792,-1511.879,9074.177,0,92259.519,270,MANUAL_delete
533599,COLLAPSED_TO_LINE,22,-38638.971,-1365.638,9074.177,0,92259.519,270,MANUAL_delete
533600,COLLAPSED_TO_LINE,22,-38670.608,-1390.012,9074.177,0,92259.519,270,MANUAL_delete
533601,COLLAPSED_TO_LINE,22,-38702.244,-1414.385,9074.177,0,92259.519,270,MANUAL_delete
533602,COLLAPSED_TO_LINE,22,-38575.697,-1316.891,9074.177,0,92259.519,270,MANUAL_delete
533603,COLLAPSED_TO_LINE,22,-38607.334,-1341.265,9074.177,0,92259.513,270,MANUAL_delete
533725,COLLAPSED,22,-37435.445,438.497,9071.04,0,104118.625,286.168,auto_convert_TRIA3
533727,COLLAPSED_TO_LINE,22,-37468.409,463.893,9074.177,0,92259.513,270,MANUAL_delete
533853,COLLAPSED_TO_LINE,22,-39271.707,1853.183,9074.177,0,92259.519,270,MANUAL_delete
533869,COLLAPSED_TO_LINE,22,-39240.07,1828.809,9074.177,0,92259.519,270,MANUAL_delete
533870,COLLAPSED_TO_LINE,22,-39208.433,1804.436,9074.177,0,92259.519,270,MANUAL_delete
533871,COLLAPSED_TO_LINE,22,-39145.16,1755.689,9074.177,0,92259.519,270,MANUAL_delete
533872,COLLAPSED_TO_LINE,22,-39176.797,1780.062,9074.177,0,92259.519,270,MANUAL_delete
533873,COLLAPSED_TO_LINE,22,-38006.235,878.243,9074.177,0,92259.513,270,MANUAL_delete
533874,COLLAPSED_TO_LINE,22,-38037.871,902.616,9074.177,0,92259.513,270,MANUAL_delete
533875,COLLAPSED_TO_LINE,22,-38101.145,951.363,9074.177,0,92259.513,270,MANUAL_delete
533876,COLLAPSED_TO_LINE,22,-38069.508,926.99,9074.177,0,92259.513,270,MANUAL_delete
533877,COLLAPSED_TO_LINE,22,-37974.598,853.869,9074.177,0,92259.513,270,MANUAL_delete
533878,COLLAPSED_TO_LINE,22,-37942.961,829.496,9074.177,0,92259.513,270,MANUAL_delete
533879,COLLAPSED_TO_LINE,22,-37911.324,805.122,9074.177,0,92259.513,270,MANUAL_delete
533880,COLLAPSED_TO_LINE,22,-38227.692,1048.857,9074.177,0,92259.519,270,MANUAL_delete
533881,COLLAPSED_TO_LINE,22,-38259.329,1073.231,9074.177,0,92259.513,270,MANUAL_delete
533882,COLLAPSED_TO_LINE,22,-38322.603,1121.978,9074.177,0,92259.513,270,MANUAL_delete
533883,COLLAPSED_TO_LINE,22,-38290.966,1097.604,9074.177,0,92259.513,270,MANUAL_delete
533884,COLLAPSED_TO_LINE,22,-38196.055,1024.484,9074.177,0,92259.519,270,MANUAL_delete
533885,COLLAPSED_TO_LINE,22,-38164.419,1000.11,9074.177,0,92259.513,270,MANUAL_delete
533886,COLLAPSED_TO_LINE,22,-38132.782,975.737,9074.177,0,92259.513,270,MANUAL_delete
533887,COLLAPSED_TO_LINE,22,-37784.777,707.628,9074.177,0,92259.513,270,MANUAL_delete
533888,COLLAPSED_TO_LINE,22,-37753.14,683.255,9074.177,0,92259.513,270,MANUAL_delete
533889,COLLAPSED_TO_LINE,22,-37689.866,634.508,9074.177,0,92259.513,270,MANUAL_delete
533890,COLLAPSED_TO_LINE,22,-37721.503,658.881,9074.177,0,92259.513,270,MANUAL_delete
533891,COLLAPSED_TO_LINE,22,-37816.414,732.002,9074.177,0,92259.513,270,MANUAL_delete
533892,COLLAPSED_TO_LINE,22,-37848.05,756.375,9074.177,0,92259.513,270,MANUAL_delete
533893,COLLAPSED_TO_LINE,22,-37879.687,780.749,9074.177,0,92259.513,270,MANUAL_delete
533894,COLLAPSED_TO_LINE,22,-37658.23,610.134,9074.177,0,92259.513,270,MANUAL_delete
533895,COLLAPSED_TO_LINE,22,-37626.593,585.76,9074.177,0,92259.513,270,MANUAL_delete
533896,COLLAPSED_TO_LINE,22,-37594.956,561.387,9074.177,0,92259.513,270,MANUAL_delete
533897,COLLAPSED_TO_LINE,22,-37500.046,488.266,9074.177,0,92259.513,270,MANUAL_delete
533898,COLLAPSED_TO_LINE,22,-37531.682,512.64,9074.177,0,92259.513,270,MANUAL_delete
533899,COLLAPSED_TO_LINE,22,-37563.319,537.013,9074.177,0,92259.513,270,MANUAL_delete
533900,COLLAPSED_TO_LINE,22,-38638.971,1365.713,9074.177,0,92259.513,270,MANUAL_delete
533901,COLLAPSED_TO_LINE,22,-38607.334,1341.339,9074.177,0,92259.513,270,MANUAL_delete
533902,COLLAPSED_TO_LINE,22,-38544.06,1292.592,9074.177,0,92259.519,270,MANUAL_delete
533903,COLLAPSED_TO_LINE,22,-38575.697,1316.966,9074.177,0,92259.519,270,MANUAL_delete
533904,COLLAPSED_TO_LINE,22,-38670.608,1390.086,9074.177,0,92259.519,270,MANUAL_delete
533905,COLLAPSED_TO_LINE,22,-38702.244,1414.46,9074.177,0,92259.519,270,MANUAL_delete
533906,COLLAPSED_TO_LINE,22,-38733.881,1438.833,9074.177,0,92259.519,270,MANUAL_delete
533907,COLLAPSED_TO_LINE,22,-38512.424,1268.219,9074.177,0,92259.519,270,MANUAL_delete
533908,COLLAPSED_TO_LINE,22,-38480.787,1243.845,9074.177,0,92259.519,270,MANUAL_delete
533909,COLLAPSED_TO_LINE,22,-38449.15,1219.472,9074.177,0,92259.519,270,MANUAL_delete
533910,COLLAPSED_TO_LINE,22,-38417.513,1195.098,9074.177,0,92259.519,270,MANUAL_delete
533911,COLLAPSED_TO_LINE,22,-38385.876,1170.725,9074.177,0,92259.519,270,MANUAL_delete
533912,COLLAPSED_TO_LINE,22,-38354.239,1146.351,9074.177,0,92259.519,270,MANUAL_delete
533913,COLLAPSED_TO_LINE,22,-38860.428,1536.327,9074.177,0,92259.519,270,MANUAL_delete
533914,COLLAPSED_TO_LINE,22,-38892.065,1560.701,9074.177,0,92259.519,270,MANUAL_delete
533915,COLLAPSED_TO_LINE,22,-38923.702,1585.074,9074.177,0,92259.513,270,MANUAL_delete
533916,COLLAPSED_TO_LINE,22,-38828.792,1511.954,9074.177,0,92259.519,270,MANUAL_delete
533917,COLLAPSED_TO_LINE,22,-38797.155,1487.58,9074.177,0,92259.519,270,MANUAL_delete
533918,COLLAPSED_TO_LINE,22,-38765.518,1463.207,9074.177,0,92259.519,270,MANUAL_delete
533919,COLLAPSED_TO_LINE,22,-39018.613,1658.195,9074.177,0,92259.519,270,MANUAL_delete
533920,COLLAPSED_TO_LINE,22,-38986.976,1633.821,9074.177,0,92259.519,270,MANUAL_delete
533921,COLLAPSED_TO_LINE,22,-38955.339,1609.448,9074.177,0,92259.519,270,MANUAL_delete
533922,COLLAPSED_TO_LINE,22,-39050.249,1682.568,9074.177,0,92259.513,270,MANUAL_delete
533923,COLLAPSED_TO_LINE,22,-39081.886,1706.942,9074.177,0,92259.519,270,MANUAL_delete
533924,COLLAPSED_TO_LINE,22,-39113.523,1731.315,9074.177,0,92259.519,270,MANUAL_delete
533985,COLLAPSED_TO_LINE,22,-37216.86,-270.021,9074.177,0,81201.144,270,MANUAL_delete
533986,COLLAPSED_TO_LINE,22,-37189.016,-248.569,9074.177,0,81201.165,270,MANUAL_delete
533987,COLLAPSED_TO_LINE,22,-37161.171,-227.117,9074.177,0,81201.165,270,MANUAL_delete
533988,COLLAPSED_TO_LINE,22,-37161.171,227.192,9074.177,0,81201.144,270,MANUAL_delete
533989,COLLAPSED_TO_LINE,22,-37189.016,248.644,9074.177,0,81201.187,270,MANUAL_delete
533990,COLLAPSED_TO_LINE,22,-37216.86,270.096,9074.177,0,81201.187,270,MANUAL_delete
536489,COLLAPSED,24,-9508.693,-1882.08,11024.844,0,238247.948,321.102,auto_convert_TRIA3
536719,COLLAPSED,24,-9508.693,1882.155,11024.844,0,238247.98,321.102,auto_convert_TRIA3
551097,BOWTIE,17,-41890.893,-1967.08,7634.992,10.561,2.497,333.714,auto_reorder
551107,BOWTIE,17,-41928.429,-2005.556,7642.565,1.479,29.283,336.122,auto_reorder
554378,BOWTIE,17,-10583.203,2043.644,8052.428,5.751,2.863,302.826,auto_reorder
554416,BOWTIE,17,-10684.483,1986.28,8052.487,5.737,2.861,303.307,auto_reorder
555759,BOWTIE,17,-13808.488,2309.058,8066.264,2.5,16.204,360,auto_reorder
556193,COLLAPSED,17,-13822.043,2316.508,8044.269,0.007,5372.358,331.565,auto_convert_TRIA3
556702,COLLAPSED,17,-17067.049,-2316.438,8044.269,0.007,5372.206,331.616,auto_convert_TRIA3
557197,BOWTIE,17,-17053.487,-2308.989,8066.256,2.5,16.191,360,auto_reorder
557524,COLLAPSED,17,-20312.049,-2316.438,8044.269,0.007,5372.206,331.616,auto_convert_TRIA3
558149,BOWTIE,17,-20298.487,-2308.988,8066.256,2.5,16.191,360,auto_reorder
558444,COLLAPSED,17,-23557.049,-2316.438,8044.269,0.007,5372.206,331.616,auto_convert_TRIA3
559101,BOWTIE,17,-23543.488,-2308.989,8066.256,2.5,16.19,298.173,auto_reorder
559241,COLLAPSED,17,-30047.049,-2316.438,8044.269,0.007,5372.206,331.616,auto_convert_TRIA3
560053,BOWTIE,17,-30033.487,-2308.989,8066.256,2.5,16.19,298.173,auto_reorder
560108,COLLAPSED,17,-33292.041,-2316.432,8044.269,0.007,5372.206,331.548,auto_convert_TRIA3
561007,BOWTIE,17,-33278.488,-2308.989,8066.256,2.5,16.19,360,auto_reorder
561067,COLLAPSED,17,-36537.002,-2316.956,8045.436,0.007,5372.206,329.587,auto_convert_TRIA3
561574,BOWTIE,17,-36522.934,-2310.16,8062.967,2.5,15.551,359.991,auto_reorder
562498,BOWTIE,17,-17053.488,2309.064,8066.255,2.5,16.189,360,auto_reorder
562886,COLLAPSED,17,-17067.043,2316.508,8044.27,0.007,5372.206,331.565,auto_convert_TRIA3
563457,BOWTIE,17,-20298.488,2309.059,8066.264,2.5,16.203,360,auto_reorder
563844,COLLAPSED,17,-20312.053,2316.515,8044.269,0.007,5372.206,331.65,auto_convert_TRIA3
564330,BOWTIE,17,-23543.487,2309.063,8066.256,2.5,16.191,360,auto_reorder
564793,COLLAPSED,17,-23557.043,2316.508,8044.27,0.007,5372.206,331.565,auto_convert_TRIA3
567232,BOWTIE,17,-36522.951,2310.264,8062.918,2.5,15.551,360,auto_reorder
567633,COLLAPSED,17,-36536.846,2316.901,8045.414,0.007,5059.849,327.979,auto_convert_TRIA3
595422,COLLAPSED_TO_LINE,17,-36574.091,-2273.236,8059.177,0,93868.381,270.004,MANUAL_delete
595424,COLLAPSED_TO_LINE,17,-36549.293,-2305.425,8059.177,0,93868.381,270.047,MANUAL_delete
595427,COLLAPSED_TO_LINE,17,-36574.091,2273.311,8059.177,0,93868.372,270.014,MANUAL_delete
595429,COLLAPSED_TO_LINE,17,-36549.293,2305.499,8059.177,0,93868.367,270.047,MANUAL_delete
597946,COLLAPSED,17,-36537.053,2316.515,8044.269,0.007,5059.849,331.65,auto_convert_TRIA3
611297,COLLAPSED,7,-40129.022,-422.579,9074.177,0,480446.792,327.969,auto_convert_TRIA3
613969,COLLAPSED_TO_LINE,7,-47624.834,2484.372,8164.177,0.001,65209.213,270,MANUAL_delete
613973,COLLAPSED_TO_LINE,7,-47663.818,2485.492,8164.177,0.001,65209.201,270,MANUAL_delete
613981,COLLAPSED_TO_LINE,7,-47741.786,2487.733,8164.177,0.001,65209.212,270,MANUAL_delete
613989,COLLAPSED,7,-47784.251,2492.614,8164.177,0.001,92644.651,321.596,auto_convert_TRIA3
614108,COLLAPSED,7,-47837.151,239.127,8164.177,0.001,102331.5,317.173,auto_convert_TRIA3
614306,SLIVER,7,-47219.34,2594.868,8164.177,0.087,607.143,316.925,MANUAL_remesh
614375,COLLAPSED,7,-47595.258,2494.506,8164.177,0.001,98296.978,318.329,auto_convert_TRIA3
614400,SLIVER,7,-47238.135,2615.61,8164.177,0.087,679.984,315.379,MANUAL_remesh
614710,COLLAPSED,7,-47660.201,234.042,8164.177,0.001,95436.022,316.787,auto_convert_TRIA3
615284,COLLAPSED,7,-44024.102,179.054,9074.177,0.001,55969.233,317.663,auto_convert_TRIA3
14792,COLLAPSED_TO_LINE,2,-46680.124,2592.51,8512.421,0.003,4170.518,359.986,MANUAL_delete
30617,COLLAPSED_TO_LINE,2,-46966.159,2400.756,8501.243,0.001,21700.268,359.998,MANUAL_delete
40871,BAD_TRIA,3,-10908.382,-771.763,8517.87,17.054,2.288,180,MANUAL_remesh
70386,COLLAPSED_TO_LINE,3,-46680.223,2589.036,8525.635,0.003,15854.347,359.996,MANUAL_delete
74142,COLLAPSED_TO_LINE,3,-14153.391,2500.051,8929.077,0.02,1.639,322.389,MANUAL_delete
74218,COLLAPSED_TO_LINE,3,-17398.391,2500.051,8929.077,0.02,1.639,322.389,MANUAL_delete
74265,COLLAPSED_TO_LINE,3,-20643.391,2500.051,8929.077,0.02,1.639,322.389,MANUAL_delete
74312,COLLAPSED_TO_LINE,3,-23888.391,2500.051,8929.077,0.02,1.639,322.389,MANUAL_delete
74440,COLLAPSED_TO_LINE,3,-17398.391,-2499.976,8929.077,0.02,1.639,322.389,MANUAL_delete
74532,COLLAPSED_TO_LINE,3,-14153.391,-2499.976,8929.077,0.02,1.639,322.389,MANUAL_delete
74625,COLLAPSED_TO_LINE,3,-23888.391,-2499.976,8929.077,0.02,1.639,322.389,MANUAL_delete
74679,COLLAPSED_TO_LINE,3,-20643.391,-2499.976,8929.077,0.02,1.639,322.389,MANUAL_delete
94365,COLLAPSED_TO_LINE,3,-30378.391,-2499.976,8929.077,0.02,1.639,322.389,MANUAL_delete
101929,COLLAPSED_TO_LINE,3,-38591.62,-2499.983,9074.177,0.001,43127.218,359.999,MANUAL_delete
108710,COLLAPSED_TO_LINE,3,-38618.382,2500.057,9074.177,0,2.281,333.997,MANUAL_delete
127224,BAD_TRIA,3,-45627.336,2558.78,8460.932,4.57,8.613,359.995,MANUAL_remesh
128079,BAD_TRIA,3,-45783.271,2563.261,8483.364,10.804,3.728,359.998,MANUAL_remesh
156132,BAD_TRIA,4,-4993.381,0.037,19108.377,8.85,4.449,359.991,MANUAL_remesh
165012,COLLAPSED_TO_LINE,6,-38620.195,2502.44,9074.177,0.001,10122.032,359.995,MANUAL_delete
181440,COLLAPSED_TO_LINE,6,-23888.391,2500.051,9074.177,0.02,1.639,322.389,MANUAL_delete
181757,COLLAPSED_TO_LINE,6,-20643.391,2500.051,9074.177,0.02,1.639,322.389,MANUAL_delete
182074,COLLAPSED_TO_LINE,6,-14153.391,2500.051,9074.177,0.02,1.639,322.389,MANUAL_delete
182398,COLLAPSED_TO_LINE,6,-17398.391,2500.051,9074.177,0.02,1.639,322.389,MANUAL_delete
186869,BAD_TRIA,6,-14153.392,2480.746,8059.177,16.663,2.477,359.936,MANUAL_remesh
186898,COLLAPSED_TO_LINE,6,-14153.391,-2499.976,9074.177,0.02,1.639,322.389,MANUAL_delete
187222,COLLAPSED_TO_LINE,6,-23888.391,-2499.976,9074.177,0.02,1.639,322.389,MANUAL_delete
187537,COLLAPSED_TO_LINE,6,-20643.391,-2499.976,9074.177,0.02,1.639,322.389,MANUAL_delete
187852,COLLAPSED_TO_LINE,6,-17398.391,-2499.976,9074.177,0.02,1.639,322.389,MANUAL_delete
232588,BAD_TRIA,7,-42006.38,174.192,7634.177,8.967,4.373,359.993,MANUAL_remesh
251003,BAD_TRIA,7,-8567.848,2500.037,18816.677,12.156,3.231,180,MANUAL_remesh
256419,BAD_TRIA,7,-8567.939,-2499.963,18816.677,12.429,3.16,180,MANUAL_remesh
257917,BAD_TRIA,7,-8524.771,-2499.963,19446.677,13.573,2.957,180,MANUAL_remesh
342826,BAD_TRIA,8,-42546.382,2500.057,8339.441,4.209,9.504,359.998,MANUAL_remesh
482612,COLLAPSED_TO_LINE,14,-4643.121,1085.118,8474.677,0.002,23044.36,359.998,MANUAL_delete
483129,COLLAPSED_TO_LINE,14,-2343.121,1139.482,8474.677,0.002,23050.074,359.998,MANUAL_delete
483221,COLLAPSED_TO_LINE,14,-1094.806,1168.992,8031.677,0.003,14533.638,359.996,MANUAL_delete
483544,COLLAPSED_TO_LINE,14,-2343.08,-1250.493,8474.677,0.002,17137.952,359.997,MANUAL_delete
486419,COLLAPSED_TO_LINE,14,-2282.485,-1262.726,8042.007,0.004,8762.648,359.994,MANUAL_delete
486420,COLLAPSED_TO_LINE,14,-1097.834,-1230.245,8041.968,0.002,19178.167,359.997,MANUAL_delete
486479,COLLAPSED_TO_LINE,14,-2296.772,1126.684,8042.015,0.001,42920.466,359.999,MANUAL_delete
486966,COLLAPSED_TO_LINE,14,-1098.089,1155.017,8042.007,0.003,11304.562,359.995,MANUAL_delete
494332,COLLAPSED_TO_LINE,14,-4643.646,1057.328,8474.677,0.002,23031.449,359.998,MANUAL_delete
498035,COLLAPSED_TO_LINE,14,-2343.646,1111.684,8474.677,0.002,23050.032,359.998,MANUAL_delete
498134,COLLAPSED_TO_LINE,14,-1094.994,1141.197,8031.677,0.003,14528.539,359.996,MANUAL_delete
498384,COLLAPSED_TO_LINE,14,-2343.688,-1278.298,8474.677,0.002,17137.952,359.997,MANUAL_delete
498683,COLLAPSED_TO_LINE,14,-2278.969,-1276.523,8031.677,0.004,11273.11,359.995,MANUAL_delete
533448,COLLAPSED_TO_LINE,22,-39297.173,-1872.727,9074.177,0,84400.169,359.999,MANUAL_delete
533615,COLLAPSED_TO_LINE,22,-39395.857,-1948.755,9072.782,0,65766.8,359.999,MANUAL_delete
535321,COLLAPSED_TO_LINE,22,-37237.39,-285.838,9072.782,0,58608.064,359.999,MANUAL_delete
535339,COLLAPSED_TO_LINE,22,-37237.39,285.913,9072.782,0,58608.064,359.999,MANUAL_delete
553676,COLLAPSED_TO_LINE,17,-36867.637,-2252.463,8061.821,0.005,1711.364,359.97,MANUAL_delete
554155,COLLAPSED_TO_LINE,17,-36867.637,2252.537,8061.821,0.005,1711.364,359.97,MANUAL_delete
554179,COLLAPSED_TO_LINE,17,-36929.332,2252.537,8059.177,0.007,2.004,359.997,MANUAL_delete
572444,COLLAPSED_TO_LINE,17,16338.397,-275.056,20226.901,0.003,6592.363,359.992,MANUAL_delete
572449,COLLAPSED_TO_LINE,17,16424.111,-170.807,20234.839,0.003,13072.397,359.996,MANUAL_delete
572502,COLLAPSED_TO_LINE,17,19090.394,-2301.868,20375.973,0.003,13067.171,359.996,MANUAL_delete
572994,COLLAPSED_TO_LINE,17,16417.712,-166.547,20237.903,0.003,6588.182,359.992,MANUAL_delete
572999,COLLAPSED_TO_LINE,17,16344.132,-279.731,20230.607,0.003,13067.171,359.996,MANUAL_delete
573057,COLLAPSED_TO_LINE,17,19096.432,-2306.128,20379.693,0.003,6592.239,359.992,MANUAL_delete
573062,COLLAPSED_TO_LINE,17,19170.373,-2192.944,20380.208,0.003,13072.397,359.996,MANUAL_delete
587071,COLLAPSED_TO_LINE,17,19096.516,2306.235,20379.883,0.003,6608.672,359.993,MANUAL_delete
587074,COLLAPSED_TO_LINE,17,19176.115,2197.705,20383.938,0.003,6589.633,359.993,MANUAL_delete
587414,COLLAPSED_TO_LINE,17,16417.609,166.589,20238.083,0.003,6604.681,359.993,MANUAL_delete
587417,COLLAPSED_TO_LINE,17,16338.027,275.119,20233.71,0.003,6585.905,359.993,MANUAL_delete
587670,COLLAPSED_TO_LINE,17,19096.79,2306.182,20372.826,0.003,6643.061,359.993,MANUAL_delete
587940,COLLAPSED_TO_LINE,17,16338.348,275.052,20226.713,0.003,6608.873,359.993,MANUAL_delete
587943,COLLAPSED_TO_LINE,17,16418.059,166.616,20231.093,0.003,6588.539,359.993,MANUAL_delete
595420,COLLAPSED_TO_LINE,17,-36826.979,-2252.463,8059.177,0,135466.725,360,MANUAL_delete
595421,COLLAPSED_TO_LINE,17,-36846.528,-2252.463,8059.177,0.005,10891.408,360,MANUAL_delete
595423,COLLAPSED_TO_LINE,17,-36594.757,-2246.412,8059.177,0,93868.374,359.999,MANUAL_delete
595425,COLLAPSED_TO_LINE,17,-36826.981,2252.537,8059.177,0,135479.079,360,MANUAL_delete
595426,COLLAPSED_TO_LINE,17,-36846.528,2252.537,8059.177,0.005,10891.408,360,MANUAL_delete
595428,COLLAPSED_TO_LINE,17,-36594.757,2246.487,8059.177,0,93868.372,359.999,MANUAL_delete
608305,COLLAPSED_TO_LINE,17,-36807.432,2240.662,8059.177,0,82298.434,359.999,MANUAL_delete
608367,COLLAPSED_TO_LINE,17,-36807.432,-2240.588,8059.177,0,82298.461,359.999,MANUAL_delete
610857,COLLAPSED_TO_LINE,7,-40097.048,-425.196,9074.177,0,473320.649,360,MANUAL_delete
611313,COLLAPSED_TO_LINE,7,-42026.117,-258.439,9074.177,0,70529.346,359.999,MANUAL_delete
611391,COLLAPSED_TO_LINE,7,-42049.459,-258.439,9074.177,0,89849.927,359.999,MANUAL_delete
611393,COLLAPSED_TO_LINE,7,-42533.305,-258.439,9074.177,0,89849.925,359.999,MANUAL_delete
611495,COLLAPSED_TO_LINE,7,-42556.382,-258.439,9074.177,0,68708.766,359.999,MANUAL_delete
611765,COLLAPSED_TO_LINE,7,-46624.366,217.095,8164.177,0.032,1217.488,359.99,MANUAL_delete
